TENANT_ID	NEGO_HEADER_ID	NEGO_ITEM_NUMBER	OPERATION_ORG_CODE	OPERATION_UNIT_CODE	AWARD_PROGRESS_STATUS_CODE	LINE_TYPE_CODE	MATERIAL_CODE	MATERIAL_DESC	SPECIFICATION	BPA_PRICE	DETAIL_NET_PRICE	RECOMMEND_INFO	GROUP_ID	LOCATION	PURPOSE	REASON	REQUEST_DATE	ATTCH_CODE	SUPPLIER_PROVIDE_INFO	INCOTERMS_CODE	EXCL_FLAG	SPECIFIC_SUPPLIER_COUNT	VENDOR_POOL_CODE	REQUEST_QUANTITY	UOM_CODE	MATURITY_DATE	CURRENCY_CODE	RESPONSE_CURRENCY_CODE	EXRATE_TYPE_CODE	EXRATE_DATE	BIDDING_START_NET_PRICE	BIDDING_START_NET_PRICE_FLAG	BIDDING_TARGET_NET_PRICE	CURRENT_PRICE	NOTE_CONTENT	PR_NUMBER	PR_APPROVE_NUMBER	REQ_SUBMISSION_STATUS	REQ_REAPPROVAL	REQUISITION_FLAG	PRICE_SUBMISSION_NO	PRICE_SUBMISSTION_STATUS	INTERFACE_SOURCE	REQUESTOR_EMPNO	BUDGET_DEPARTMENT_CODE	REQUEST_DEPARTMENT_CODE	LOCAL_CREATE_DTM	LOCAL_UPDATE_DTM	CREATE_USER_ID	UPDATE_USER_ID	SYSTEM_CREATE_DTM	SYSTEM_UPDATE_DTM
L2100	122	00001		7110			207991	IVF-M주 150IU 1V 우즈베키스탄 케이스		345.00	345.00								사랑해요 LG			3	TBD	1.000	EA		KRW				345.00	FALSE	414.20	345.00		P0000243	S000000243										2021-01-11 19:29:17	2021-01-13 16:36:57	anonymous	anonymous	2021-01-11 09:59:13	2021-01-13 07:36:57
L2100	63	00001		2070			PSTZNS0001	Zn-st (SZ-210)		234.00	234.00								구매싱글폼			3	TBD	1.000	KG		USD				234.00	FALSE	280.20	234.00		P0000125	S000000125										2021-01-11 19:29:17	2021-01-13 16:36:57	anonymous	anonymous	2021-01-11 09:59:13	2021-01-13 07:36:57
L2100	151	00002		7110			LNND00002CMPN	주사침 27G 1/2 inch Inmetro		333.00	333.00								슬기로운 정보			3	TBD	1.000	EA		KRW				333.00	FALSE	399.20	333.00		P0000302	S000000302										2021-01-11 19:29:17	2021-01-13 16:36:57	anonymous	anonymous	2021-01-11 09:59:13	2021-01-13 07:36:57
L2100	63	00002		2070			PTSKOH0001	KOH		345.00	345.00								성공!!			3	TBD	1.000	KG		KRW				345.00	FALSE	414.20	345.00		P0000126	S000000126										2021-01-11 19:29:17	2021-01-13 16:36:57	anonymous	anonymous	2021-01-11 09:59:13	2021-01-13 07:36:57
L2100	122	00002		7110			207992	IVF-C 우즈베키스탄 설명서		456.00	456.00								구매공상평			3	TBD	1.000	EA		KRW				456.00	FALSE	547.20	456.00		P0000244	S000000244										2021-01-11 19:29:17	2021-01-13 16:36:57	anonymous	anonymous	2021-01-11 09:59:13	2021-01-13 07:36:57
L2100	152	00001		7110			LNND00003CMPN	주사침 30G 1/2 inch Inmetro		444.00	444.00								사랑해요 LG			3	TBD	1.000	EA		KRW				444.00	FALSE	532.20	444.00		P0000303	S000000303										2021-01-11 19:29:17	2021-01-13 16:36:57	anonymous	anonymous	2021-01-11 09:59:13	2021-01-13 07:36:57
L2100	64	00001		2070			PUVCHI0002	UV-944 *YK-944		456.00	456.00								정확한 정보			3	TBD	1.000	KG		USD				456.00	FALSE	547.20	456.00		P0000127	S000000127										2021-01-11 19:29:17	2021-01-13 16:36:57	anonymous	anonymous	2021-01-11 09:59:13	2021-01-13 07:36:57
L2100	123	00001		7110			207993	생리식염주사액 우즈베키스탄 라벨		567.00	567.00								구매싱글폼			3	TBD	1.000	EA		KRW				567.00	FALSE	680.20	567.00		P0000245	S000000245										2021-01-11 19:29:17	2021-01-13 16:36:57	anonymous	anonymous	2021-01-11 09:59:13	2021-01-13 07:36:57
L2100	152	00002		7110			LPCS00102C	CASE 이브아르컨투어플러스 씨 칠레		555.00	555.00								구매공상평			3	TBD	1.000	EA		KRW				555.00	FALSE	666.20	555.00		P0000304	S000000304										2021-01-11 19:29:17	2021-01-13 16:36:57	anonymous	anonymous	2021-01-11 09:59:13	2021-01-13 07:36:57
L2100	64	00002		2070			PUVETC0015	UV-P		567.00	567.00								슬기로운 정보			3	TBD	1.000	KG		USD				567.00	FALSE	680.20	567.00		P0000128	S000000128										2021-01-11 19:29:17	2021-01-13 16:36:57	anonymous	anonymous	2021-01-11 09:59:13	2021-01-13 07:36:57
L2100	123	00002		7110			207994	IVF-C 5000IU 우즈베키스탄 라벨		678.00	678.00								성공!!			3	TBD	1.000	EA		KRW				678.00	FALSE	813.20	678.00		P0000246	S000000246										2021-01-11 19:29:17	2021-01-13 16:36:57	anonymous	anonymous	2021-01-11 09:59:13	2021-01-13 07:36:57
L2100	65	00001		2070			PUVETC0015	WPYS (UV-P)		678.00	678.00								사랑해요 LG			3	TBD	1.000	KG		USD				678.00	FALSE	813.20	678.00		P0000129	S000000129										2021-01-11 19:29:17	2021-01-13 16:36:57	anonymous	anonymous	2021-01-11 09:59:13	2021-01-13 07:36:57
L2100	153	00001		7110			LPCS00143C	CASE 이브아르 컨투어 1.0 CE유럽공통		666.00	666.00								구매싱글폼			3	TBD	1.000	EA		KRW				666.00	FALSE	799.20	666.00		P0000305	S000000305										2021-01-11 19:29:17	2021-01-13 16:36:57	anonymous	anonymous	2021-01-11 09:59:13	2021-01-13 07:36:57
L2100	124	00001		7110			207995	IVF-C주 5000IU 3V 우즈베키스탄 케이스		789.00	789.00								정확한 정보			3	TBD	1.000	EA		KRW				789.00	FALSE	946.20	789.00		P0000247	S000000247										2021-01-11 19:29:17	2021-01-13 16:36:57	anonymous	anonymous	2021-01-11 09:59:13	2021-01-13 07:36:57
L2100	65	00002		2070			PUVETC0021	UV-3853 *CYASORB UV-3853PP5		789.00	789.00								구매공상평			3	TBD	1.000	KG		KRW				789.00	FALSE	946.20	789.00		P0000130	S000000130										2021-01-11 19:29:17	2021-01-13 16:36:57	anonymous	anonymous	2021-01-11 09:59:13	2021-01-13 07:36:57
L2100	153	00002		7110			LPCS00147C	CASE 이브아르볼륨s 1.0mL CE 유럽공통		123.00	123.00								성공!!			3	TBD	1.000	EA		KRW				123.00	FALSE	147.20	123.00		P0000306	S000000306										2021-01-11 19:29:17	2021-01-13 16:36:57	anonymous	anonymous	2021-01-11 09:59:13	2021-01-13 07:36:57
L2100	124	00002		7110			208014	이브아르 클래식플러스 CE 라벨		111.00	111.00								슬기로운 정보			3	TBD	1.000	EA		KRW				111.00	FALSE	133.20	111.00		P0000248	S000000248										2021-01-11 19:29:17	2021-01-13 16:36:57	anonymous	anonymous	2021-01-11 09:59:13	2021-01-13 07:36:57
L2100	66	00001		2070			PUVHOS0005	UV-329 *YK-329/SUNSORB-329/TINUVIN-329		111.00	111.00								구매싱글폼			3	TBD	1.000	KG		USD				111.00	FALSE	133.20	111.00		P0000131	S000000131										2021-01-11 19:29:17	2021-01-13 16:36:57	anonymous	anonymous	2021-01-11 09:59:13	2021-01-13 07:36:57
L2100	154	00001		7110			LPCS00148C	CASE 이브아르클래식s 1.0mL CE 유럽공통		234.00	234.00								정확한 정보			3	TBD	1.000	EA		KRW				234.00	FALSE	280.20	234.00		P0000307	S000000307										2021-01-11 19:29:17	2021-01-13 16:36:57	anonymous	anonymous	2021-01-11 09:59:13	2021-01-13 07:36:57
L2100	125	00001		7110			208015	이브아르 클래식플러스 CE 2차라벨		222.00	222.00								사랑해요 LG			3	TBD	1.000	EA		KRW				222.00	FALSE	266.20	222.00		P0000249	S000000249										2021-01-11 19:29:17	2021-01-13 16:36:57	anonymous	anonymous	2021-01-11 09:59:13	2021-01-13 07:36:57
L2100	66	00002		2070			PUVTIN0020	UV-P (SCB)		222.00	222.00								성공!!			3	TBD	1.000	KG		USD				222.00	FALSE	266.20	222.00		P0000132	S000000132										2021-01-11 19:29:17	2021-01-13 16:36:57	anonymous	anonymous	2021-01-11 09:59:13	2021-01-13 07:36:57
L2100	154	00002		7110			LPCS00206C	CASE 이브아르볼륨플러스 1mL 태국		345.00	345.00								슬기로운 정보			3	TBD	1.000	EA		KRW				345.00	FALSE	414.20	345.00		P0000308	S000000308										2021-01-11 19:29:17	2021-01-13 16:36:57	anonymous	anonymous	2021-01-11 09:59:13	2021-01-13 07:36:57
L2100	125	00002		7110			208016	이브아르 클래식플러스 CE 케이스		333.00	333.00								구매공상평			3	TBD	1.000	EA		KRW				333.00	FALSE	399.20	333.00		P0000250	S000000250										2021-01-11 19:29:17	2021-01-13 16:36:57	anonymous	anonymous	2021-01-11 09:59:13	2021-01-13 07:36:57
L2100	67	00001		2070			PUVTIN0020	WPUP (Tinuvin-P)		333.00	333.00								정확한 정보			3	TBD	1.000	KG		USD				333.00	FALSE	399.20	333.00		P0000133	S000000133										2021-01-11 19:29:17	2021-01-13 16:36:57	anonymous	anonymous	2021-01-11 09:59:13	2021-01-13 07:36:57
L2100	155	00001		7110			LPCS00213C	CASE 이브아르클래식플러스 도미니카		456.00	456.00								사랑해요 LG			3	TBD	1.000	EA		KRW				456.00	FALSE	547.20	456.00		P0000309	S000000309										2021-01-11 19:29:17	2021-01-13 16:36:57	anonymous	anonymous	2021-01-11 09:59:13	2021-01-13 07:36:57
L2100	126	00001		7110			208017	이브아르 클래식플러스 CE 설명서		444.00	444.00								구매싱글폼			3	TBD	1.000	EA		KRW				444.00	FALSE	532.20	444.00		P0000251	S000000251										2021-01-11 19:29:17	2021-01-13 16:36:57	anonymous	anonymous	2021-01-11 09:59:13	2021-01-13 07:36:57
L2100	67	00002		2070			PUVTIN0024	SPSS (TINUVIN-770)		444.00	444.00								슬기로운 정보			3	TBD	1.000	KG		USD				444.00	FALSE	532.20	444.00		P0000134	S000000134										2021-01-11 19:29:17	2021-01-13 16:36:57	anonymous	anonymous	2021-01-11 09:59:13	2021-01-13 07:36:57
L2100	155	00002		7110			LPCS00214C	CASE 이브아르볼륨플러스 도미니카		567.00	567.00								구매공상평			3	TBD	1.000	EA		KRW				567.00	FALSE	680.20	567.00		P0000310	S000000310										2021-01-11 19:29:17	2021-01-13 16:36:57	anonymous	anonymous	2021-01-11 09:59:13	2021-01-13 07:36:57
L2100	126	00002		7110			208018	이브아르 볼륨플러스 CE 라벨		555.00	555.00								성공!!			3	TBD	1.000	EA		KRW				555.00	FALSE	666.20	555.00		P0000252	S000000252										2021-01-11 19:29:17	2021-01-13 16:36:57	anonymous	anonymous	2021-01-11 09:59:13	2021-01-13 07:36:57
L2100	68	00001		2070			PUVTIN0024	UV-770 (SCB)		555.00	555.00								사랑해요 LG			3	TBD	1.000	KG		USD				555.00	FALSE	666.20	555.00		P0000135	S000000135										2021-01-11 19:29:17	2021-01-13 16:36:57	anonymous	anonymous	2021-01-11 09:59:13	2021-01-13 07:36:57
L2100	156	00001		7110			LPCS00230C	CASE 히루안원 1S 인도네시아		678.00	678.00								구매싱글폼			3	TBD	1.000	EA		KRW				678.00	FALSE	813.20	678.00		P0000311	S000000311										2021-01-11 19:29:17	2021-01-13 16:36:57	anonymous	anonymous	2021-01-11 09:59:13	2021-01-13 07:36:57
L2100	127	00001		7110			208019	이브아르 볼륨플러스 CE 2차라벨		666.00	666.00								정확한 정보			3	TBD	1.000	EA		KRW				666.00	FALSE	799.20	666.00		P0000253	S000000253										2021-01-11 19:29:17	2021-01-13 16:36:57	anonymous	anonymous	2021-01-11 09:59:13	2021-01-13 07:36:57
L2100	68	00002		2070			PWXCEB0001	CEBA (DA-01)		666.00	666.00								구매공상평			3	TBD	1.000	KG		USD				666.00	FALSE	799.20	666.00		P0000136	S000000136										2021-01-11 19:29:17	2021-01-13 16:36:57	anonymous	anonymous	2021-01-11 09:59:13	2021-01-13 07:36:57
L2100	33	00002		2070			PCNDYE0037	안료 BK39 *PAPILION BLACK S-KL2 *15KG		111.00	111.00								성공!!			3	TBD	1.000	KG		KRW				111.00	FALSE	133.20	111.00		P0000066	S000000066										2021-01-11 19:29:17	2021-01-13 16:36:57	anonymous	anonymous	2021-01-11 09:59:13	2021-01-13 07:36:57
L2100	4	00001		2070			PAOIRF0001	SPIF *IRGAFOS-168 *SONGNOX-1680FF		123.00	123.00								정확한 정보			3	TBD	1.000	KG		USD				123.00	FALSE	147.20	123.00		P0000007	S000000007										2021-01-11 19:29:17	2021-01-13 16:36:57	anonymous	anonymous	2021-01-11 09:59:13	2021-01-13 07:36:57
L2100	156	00002		7110			LPCS00239C	CASE 이브아르컨투어플러스 도미니카		789.00	789.00								성공!!			3	TBD	1.000	EA		KRW				789.00	FALSE	946.20	789.00		P0000312	S000000312										2021-01-11 19:29:17	2021-01-13 16:36:57	anonymous	anonymous	2021-01-11 09:59:13	2021-01-13 07:36:57
L2100	69	00001		2070			PWXEBA0001	LPEB (EBA)		123.00	123.00								구매싱글폼			3	TBD	1.000	KG		USD				123.00	FALSE	147.20	123.00		P0000137	S000000137										2021-01-11 19:29:17	2021-01-13 16:36:57	anonymous	anonymous	2021-01-11 09:59:13	2021-01-13 07:36:57
L2100	127	00002		7110			208020	이브아르 볼륨플러스 CE 케이스		123.00	123.00								슬기로운 정보			3	TBD	1.000	EA		KRW				123.00	FALSE	147.20	123.00		P0000254	S000000254										2021-01-11 19:29:17	2021-01-13 16:36:57	anonymous	anonymous	2021-01-11 09:59:13	2021-01-13 07:36:57
L2100	4	00002		2070			PAOIRN0005	SPIR *IR-1076 *SONGNOX-1076SB *AO-50		234.00	234.00								슬기로운 정보			3	TBD	1.000	KG		USD				234.00	FALSE	280.20	234.00		P0000008	S000000008										2021-01-11 19:29:17	2021-01-13 16:36:57	anonymous	anonymous	2021-01-11 09:59:13	2021-01-13 07:36:57
L2100	34	00001		2070			PCNDYE0044	안료 YW26 *Sumiplast Yellow HLR(E) *10kg		222.00	222.00								정확한 정보			3	TBD	1.000	KG		USD				222.00	FALSE	266.20	222.00		P0000067	S000000067										2021-01-11 19:29:17	2021-01-13 16:36:57	anonymous	anonymous	2021-01-11 09:59:13	2021-01-13 07:36:57
L2100	157	00001		7110			LPFM00003CMPN	PET 필름(0.45X203X150)		111.00	111.00								정확한 정보			3	TBD	1.000	ROL		KRW				111.00	FALSE	133.20	111.00		P0000313	S000000313										2021-01-11 19:29:17	2021-01-13 16:36:57	anonymous	anonymous	2021-01-11 09:59:13	2021-01-13 07:36:57
L2100	69	00002		2070			PWXOWX0034	LPPF *Pasflow-7501		234.00	234.00								성공!!			3	TBD	1.000	KG		KRW				234.00	FALSE	280.20	234.00		P0000138	S000000138										2021-01-11 19:29:17	2021-01-13 16:36:57	anonymous	anonymous	2021-01-11 09:59:13	2021-01-13 07:36:57
L2100	128	00001		7110			208021	이브아르 볼륨플러스 CE 설명서		234.00	234.00								사랑해요 LG			3	TBD	1.000	EA		KRW				234.00	FALSE	280.20	234.00		P0000255	S000000255										2021-01-11 19:29:17	2021-01-13 16:36:57	anonymous	anonymous	2021-01-11 09:59:13	2021-01-13 07:36:57
L2100	5	00001		2070			PAOSON0005	A/O *50L *BY-151 *LAO-54C		345.00	345.00								사랑해요 LG			3	TBD	1.000	KG		USD				345.00	FALSE	414.20	345.00		P0000009	S000000009										2021-01-11 19:29:17	2021-01-13 16:36:57	anonymous	anonymous	2021-01-11 09:59:13	2021-01-13 07:36:57
L2100	34	00002		2070			PCNDYE0054	안료 RD45 *Papilion Red S-A2G *10KG		333.00	333.00								슬기로운 정보			3	TBD	1.000	KG		KRW				333.00	FALSE	399.20	333.00		P0000068	S000000068										2021-01-11 19:29:17	2021-01-13 16:36:57	anonymous	anonymous	2021-01-11 09:59:13	2021-01-13 07:36:57
L2100	70	00001		2070			PWXPAW0001	LPKW (H-633)		345.00	345.00								정확한 정보			3	TBD	1.000	KG		KRW				345.00	FALSE	414.20	345.00		P0000139	S000000139										2021-01-11 19:29:17	2021-01-13 16:36:57	anonymous	anonymous	2021-01-11 09:59:13	2021-01-13 07:36:57
L2100	157	00002		7110			LPFO00006CMPN	블리스터커버_타이백지_HIC_내수_220㎜		222.00	222.00								슬기로운 정보			3	TBD	1.000	ROL		KRW				222.00	FALSE	266.20	222.00		P0000314	S000000314										2021-01-11 19:29:17	2021-01-13 16:36:57	anonymous	anonymous	2021-01-11 09:59:13	2021-01-13 07:36:57
L2100	128	00002		7110			302259MPN	필터 (AB1PFA7PVH4)		345.00	345.00								구매공상평			3	TBD	1.000	EA		KRW				345.00	FALSE	414.20	345.00		P0000256	S000000256										2021-01-11 19:29:17	2021-01-13 16:36:57	anonymous	anonymous	2021-01-11 09:59:13	2021-01-13 07:36:57
L2100	5	00002		2070			PATTIB0001	TDDM		456.00	456.00								구매공상평			3	TBD	1.000	KG		USD				456.00	FALSE	547.20	456.00		P0000010	S000000010										2021-01-11 19:29:17	2021-01-13 16:36:57	anonymous	anonymous	2021-01-11 09:59:13	2021-01-13 07:36:57
L2100	35	00001		2070			PCNDYE0055	안료 RD46 *Solvent Red RD-46 * 20KG		444.00	444.00								사랑해요 LG			3	TBD	1.000	KG		KRW				444.00	FALSE	532.20	444.00		P0000069	S000000069										2021-01-11 19:29:17	2021-01-13 16:36:57	anonymous	anonymous	2021-01-11 09:59:13	2021-01-13 07:36:57
L2100	70	00002		2070			PWXPEW0019	HI-WAX 400P		456.00	456.00								슬기로운 정보			3	TBD	1.000	KG		KRW				456.00	FALSE	547.20	456.00		P0000140	S000000140										2021-01-11 19:29:17	2021-01-13 16:36:57	anonymous	anonymous	2021-01-11 09:59:13	2021-01-13 07:36:57
L2100	129	00001		7110			302260MPN	필터 (AB3NFZ7PH4)		456.00	456.00								구매싱글폼			3	TBD	1.000	EA		KRW				456.00	FALSE	547.20	456.00		P0000257	S000000257										2021-01-11 19:29:17	2021-01-13 16:36:57	anonymous	anonymous	2021-01-11 09:59:13	2021-01-13 07:36:57
L2100	158	00001		7110			LPFO00007CMPN	블리스터커버_타이백지_HIB_내수_220㎜		333.00	333.00								사랑해요 LG			3	TBD	1.000	ROL		KRW				333.00	FALSE	399.20	333.00		P0000315	S000000315										2021-01-11 19:29:17	2021-01-13 16:36:57	anonymous	anonymous	2021-01-11 09:59:13	2021-01-13 07:36:57
L2100	6	00001		2070			PBTCHP0001	CHP		567.00	567.00								구매싱글폼			3	TBD	1.000	KG		USD				567.00	FALSE	680.20	567.00		P0000011	S000000011										2021-01-11 19:29:17	2021-01-13 16:36:57	anonymous	anonymous	2021-01-11 09:59:13	2021-01-13 07:36:57
L2100	35	00002		2070			PCNDYE0056	안료 BL30 *Solvet blue 104 *25kg		555.00	555.00								구매공상평			3	TBD	1.000	KG		KRW				555.00	FALSE	666.20	555.00		P0000070	S000000070										2021-01-11 19:29:17	2021-01-13 16:36:57	anonymous	anonymous	2021-01-11 09:59:13	2021-01-13 07:36:57
L2100	71	00001		30H0			TADETC0041	첨가제,기타 ABA(2)		567.00	567.00								사랑해요 LG			3	TBD	1.000	KG		KRW				567.00	FALSE	680.20	567.00		P0000141	S000000141										2021-01-11 19:29:17	2021-01-13 16:36:57	anonymous	anonymous	2021-01-11 09:59:13	2021-01-13 07:36:57
L2100	129	00002		7110			402664	Standards for Osmometers,Gonotec,300mOsm		567.00	567.00								성공!!			3	TBD	1.000	EA		KRW				567.00	FALSE	680.20	567.00		P0000258	S000000258										2021-01-11 19:29:17	2021-01-13 16:36:57	anonymous	anonymous	2021-01-11 09:59:13	2021-01-13 07:36:57
L2100	158	00002		7110			LPFO00008C	블리스터커버_타이백지_HIF_내수_220㎜		444.00	444.00								구매공상평			3	TBD	1.000	ROL		KRW				444.00	FALSE	532.20	444.00		P0000316	S000000316										2021-01-11 19:29:17	2021-01-13 16:36:57	anonymous	anonymous	2021-01-11 09:59:13	2021-01-13 07:36:57
L2100	6	00002		2070			PBTDPE0001	FPSR (SR-245)		678.00	678.00								성공!!			3	TBD	1.000	KG		USD				678.00	FALSE	813.20	678.00		P0000012	S000000012										2021-01-11 19:29:17	2021-01-13 16:36:57	anonymous	anonymous	2021-01-11 09:59:13	2021-01-13 07:36:57
L2100	36	00001		2070			PCNDYE0059	안료 RD47 *Papi.Red S-AG H/C*15KG(=RD23)		666.00	666.00								구매싱글폼			3	TBD	1.000	KG		KRW				666.00	FALSE	799.20	666.00		P0000071	S000000071										2021-01-11 19:29:17	2021-01-13 16:36:57	anonymous	anonymous	2021-01-11 09:59:13	2021-01-13 07:36:57
L2100	71	00002		30H0			TADMWC0002	분자량조절제,3-MPA(3-MERCAPTO PROPIONIC		678.00	678.00								구매공상평			3	TBD	1.000	KG		KRW				678.00	FALSE	813.20	678.00		P0000142	S000000142										2021-01-11 19:29:17	2021-01-13 16:36:57	anonymous	anonymous	2021-01-11 09:59:13	2021-01-13 07:36:57
L2100	130	00001		7110			402741	CO2가스, 20kg		678.00	678.00								정확한 정보			3	TBD	1.000	EA		KRW				678.00	FALSE	813.20	678.00		P0000259	S000000259										2021-01-11 19:29:17	2021-01-13 16:36:57	anonymous	anonymous	2021-01-11 09:59:13	2021-01-13 07:36:57
L2100	159	00001		7110			LPIS00067C	설명서 이브아르컨투어플러스 씨 칠레		555.00	555.00								구매싱글폼			3	TBD	1.000	EA		KRW				555.00	FALSE	666.20	555.00		P0000317	S000000317										2021-01-11 19:29:17	2021-01-13 16:36:57	anonymous	anonymous	2021-01-11 09:59:13	2021-01-13 07:36:57
L2100	92	00002		30H0			TRSOXE0002	OXETANE RESIN,액상 OXT-212		222.00	222.00								구매공상평			3	TBD	1.000	KG		KRW				222.00	FALSE	266.20	222.00		P0000184	S000000184										2021-01-11 19:29:17	2021-01-13 16:36:57	anonymous	anonymous	2021-01-11 09:59:13	2021-01-13 07:36:57
L2100	7	00001		2070			PBTDPE0002	FPSF (FM-2100)		789.00	789.00								정확한 정보			3	TBD	1.000	KG		USD				789.00	FALSE	946.20	789.00		P0000013	S000000013										2021-01-11 19:29:17	2021-01-13 16:36:57	anonymous	anonymous	2021-01-11 09:59:13	2021-01-13 07:36:57
L2100	36	00002		2070			PCNDYE0063	안료 OG18*LumaplastOrange HRP*5kg(=OG08)		123.00	123.00								성공!!			3	TBD	1.000	KG		KRW				123.00	FALSE	147.20	123.00		P0000072	S000000072										2021-01-11 19:29:17	2021-01-13 16:36:57	anonymous	anonymous	2021-01-11 09:59:13	2021-01-13 07:36:57
L2100	72	00001		30H0			TADSUR0050	계면활성제,DS-21 DIC		789.00	789.00								구매싱글폼			3	TBD	1.000	KG		JPY				789.00	FALSE	946.20	789.00		P0000143	S000000143										2021-01-11 19:29:17	2021-01-13 16:36:57	anonymous	anonymous	2021-01-11 09:59:13	2021-01-13 07:36:57
L2100	130	00002		7110			403092	Sasol, Miglyol 810, 25kg(lbs/Container)		789.00	789.00								슬기로운 정보			3	TBD	5.000	BT		KRW				789.00	FALSE	946.20	789.00		P0000260	S000000260										2021-01-11 19:29:17	2021-01-13 16:36:57	anonymous	anonymous	2021-01-11 09:59:13	2021-01-13 07:36:57
L2100	159	00002		7110			LPIS00097C	설명서 이브아르컨투어1.0 책자 CE유럽공통		666.00	666.00								성공!!			3	TBD	1.000	EA		KRW				666.00	FALSE	799.20	666.00		P0000318	S000000318										2021-01-11 19:29:17	2021-01-13 16:36:57	anonymous	anonymous	2021-01-11 09:59:13	2021-01-13 07:36:57
L2100	7	00002		2070			PC4TBH0001	TBHP (70%)		111.00	111.00								슬기로운 정보			3	TBD	1.000	KG		USD				111.00	FALSE	133.20	111.00		P0000014	S000000014										2021-01-11 19:29:17	2021-01-13 16:36:57	anonymous	anonymous	2021-01-11 09:59:13	2021-01-13 07:36:57
L2100	37	00001		2070			PCNDYE0065	안료 RD48 *RED HFG *10KG (=RD03)		234.00	234.00								정확한 정보			3	TBD	1.000	KG		KRW				234.00	FALSE	280.20	234.00		P0000073	S000000073										2021-01-11 19:29:17	2021-01-13 16:36:57	anonymous	anonymous	2021-01-11 09:59:13	2021-01-13 07:36:57
L2100	72	00002		30H0			TCMACD0002	ACID,METHACRYLIC ACID(MAA) 99% LG MMA		111.00	111.00								성공!!			3	TBD	1.000	KG		KRW				111.00	FALSE	133.20	111.00		P0000144	S000000144										2021-01-11 19:29:17	2021-01-13 16:36:57	anonymous	anonymous	2021-01-11 09:59:13	2021-01-13 07:36:57
L2100	131	00001		7110			403361	Protein assay dye reagent concentrate		111.00	111.00								사랑해요 LG			3	TBD	5.000	BT		KRW				111.00	FALSE	133.20	111.00		P0000261	S000000261										2021-01-11 19:29:17	2021-01-13 16:36:57	anonymous	anonymous	2021-01-11 09:59:13	2021-01-13 07:36:57
L2100	8	00001		2070			PC4TBH0002	10% TBHP		222.00	222.00								사랑해요 LG			3	TBD	1.000	KG		USD				222.00	FALSE	266.20	222.00		P0000015	S000000015										2021-01-11 19:29:17	2021-01-13 16:36:57	anonymous	anonymous	2021-01-11 09:59:13	2021-01-13 07:36:57
L2100	93	00001		30I0			TCMSVT0012	SOLVENT,NMP(N-METHYL-2PYRROLIDONE) 100 B		333.00	333.00								구매싱글폼			3	TBD	1.000	KG		KRW				333.00	FALSE	399.20	333.00		P0000185	S000000185										2021-01-11 19:29:17	2021-01-13 16:36:57	anonymous	anonymous	2021-01-11 09:59:13	2021-01-13 07:36:57
L2100	160	00001		7110			LPIS00102C	설명서 이브아르볼륨s 1.0mL CE 유럽공통		123.00	123.00								정확한 정보			3	TBD	1.000	EA		KRW				123.00	FALSE	147.20	123.00		P0000319	S000000319										2021-01-11 19:29:17	2021-01-13 16:36:57	anonymous	anonymous	2021-01-11 09:59:13	2021-01-13 07:36:57
L2100	37	00002		2070			PCNDYE0066	안료 YW41 *SOLVENT YELLOW 114 *25KG		345.00	345.00								슬기로운 정보			3	TBD	1.000	KG		KRW				345.00	FALSE	414.20	345.00		P0000074	S000000074										2021-01-11 19:29:17	2021-01-13 16:36:57	anonymous	anonymous	2021-01-11 09:59:13	2021-01-13 07:36:57
L2100	73	00001		30H0			TCMACR0002	ACRYL,METHYL METHACRYLATE(MMA) LGMMA 99.		222.00	222.00								정확한 정보			3	TBD	1.000	KG		KRW				222.00	FALSE	266.20	222.00		P0000145	S000000145										2021-01-11 19:29:17	2021-01-13 16:36:57	anonymous	anonymous	2021-01-11 09:59:13	2021-01-13 07:36:57
L2100	131	00002		7110			403952	N-(1-Naphthyl)ethylenediamine dihydrochl		222.00	222.00								구매공상평			3	TBD	5.000	BT		KRW				222.00	FALSE	266.20	222.00		P0000262	S000000262										2021-01-11 19:29:17	2021-01-13 16:36:57	anonymous	anonymous	2021-01-11 09:59:13	2021-01-13 07:36:57
L2100	8	00002		2070			PC5FAA0003	S/Alcohol (지방알코올)		333.00	333.00								구매공상평			3	TBD	1.000	KG		KRW				333.00	FALSE	399.20	333.00		P0000016	S000000016										2021-01-11 19:29:17	2021-01-13 16:36:57	anonymous	anonymous	2021-01-11 09:59:13	2021-01-13 07:36:57
L2100	160	00002		7110			LPIS00103C	설명서 이브아르클래식s 1.0mL CE 유럽공통		234.00	234.00								슬기로운 정보			3	TBD	1.000	EA		KRW				234.00	FALSE	280.20	234.00		P0000320	S000000320										2021-01-11 19:29:17	2021-01-13 16:36:57	anonymous	anonymous	2021-01-11 09:59:13	2021-01-13 07:36:57
L2100	38	00001		2070			PCNDYE0071	안료 RD50 *SOLVENT RED 150 *25KG		456.00	456.00								사랑해요 LG			3	TBD	1.000	KG		KRW				456.00	FALSE	547.20	456.00		P0000075	S000000075										2021-01-11 19:29:17	2021-01-13 16:36:57	anonymous	anonymous	2021-01-11 09:59:13	2021-01-13 07:36:57
L2100	73	00002		30H0			TCMACR0004	ACRYL,DPHA 장흥화학 중국산, MIN 98%		333.00	333.00								슬기로운 정보			3	TBD	1.000	KG		USD				333.00	FALSE	399.20	333.00		P0000146	S000000146										2021-01-11 19:29:17	2021-01-13 16:36:57	anonymous	anonymous	2021-01-11 09:59:13	2021-01-13 07:36:57
L2100	9	00001		2070			PCKEGD0002	EDMA		444.00	444.00								구매싱글폼			3	TBD	1.000	KG		KRW				444.00	FALSE	532.20	444.00		P0000017	S000000017										2021-01-11 19:29:17	2021-01-13 16:36:57	anonymous	anonymous	2021-01-11 09:59:13	2021-01-13 07:36:57
L2100	93	00002		30I0			TCMSVT0036	SOLVENT,ACETONE 200L DRUM		444.00	444.00								성공!!			3	TBD	1.000	L		KRW				444.00	FALSE	532.20	444.00		P0000186	S000000186										2021-01-11 19:29:17	2021-01-13 16:36:57	anonymous	anonymous	2021-01-11 09:59:13	2021-01-13 07:36:57
L2100	132	00001		7110			404530	Ammonium Acetate,97%,ACS,500g,238074		333.00	333.00								구매싱글폼			3	TBD	5.000	BT		KRW				333.00	FALSE	399.20	333.00		P0000263	S000000263										2021-01-11 19:29:17	2021-01-13 16:36:57	anonymous	anonymous	2021-01-11 09:59:13	2021-01-13 07:36:57
L2100	161	00001		7110			LPIS00141C	Euvax 10V Unicef LGC Russia Insert		345.00	345.00								사랑해요 LG			3	TBD	1.000	EA		KRW				345.00	FALSE	414.20	345.00		P0000321	S000000321										2021-01-11 19:29:17	2021-01-13 16:36:57	anonymous	anonymous	2021-01-11 09:59:13	2021-01-13 07:36:57
L2100	38	00002		2070			PCNFSB0002	안료 TINOPAL OB (형광증백제)		567.00	567.00								구매공상평			3	TBD	1.000	KG		KRW				567.00	FALSE	680.20	567.00		P0000076	S000000076										2021-01-11 19:29:17	2021-01-13 16:36:57	anonymous	anonymous	2021-01-11 09:59:13	2021-01-13 07:36:57
L2100	9	00002		2070			PCNCAM0091	MB-100		555.00	555.00								성공!!			3	TBD	1.000	KG		KRW				555.00	FALSE	666.20	555.00		P0000018	S000000018										2021-01-11 19:29:17	2021-01-13 16:36:57	anonymous	anonymous	2021-01-11 09:59:13	2021-01-13 07:36:57
L2100	74	00001		30H0			TCMACR0005	ACRYL,GPO303 일본화약 GRAVITY 0.06~0.09		444.00	444.00								사랑해요 LG			3	TBD	1.000	KG		JPY				444.00	FALSE	532.20	444.00		P0000147	S000000147										2021-01-11 19:29:17	2021-01-13 16:36:57	anonymous	anonymous	2021-01-11 09:59:13	2021-01-13 07:36:57
L2100	132	00002		7110			404759	SDS-PAGE Molecular Weight STD,161-0317		444.00	444.00								성공!!			3	TBD	5.000	BT		KRW				444.00	FALSE	532.20	444.00		P0000264	S000000264										2021-01-11 19:29:17	2021-01-13 16:36:57	anonymous	anonymous	2021-01-11 09:59:13	2021-01-13 07:36:57
L2100	161	00002		7110			LPIS00156C	설명서 이브아르볼륨플러스 1mL 도미니카		456.00	456.00								구매공상평			3	TBD	1.000	EA		KRW				456.00	FALSE	547.20	456.00		P0000322	S000000322										2021-01-11 19:29:17	2021-01-13 16:36:57	anonymous	anonymous	2021-01-11 09:59:13	2021-01-13 07:36:57
L2100	94	00001		30I0			TOEMMT0006	OLED, 2-NAPHTHALENEBORONICACID 94%		555.00	555.00								정확한 정보			3	TBD	1.000	KG		KRW				555.00	FALSE	666.20	555.00		P0000187	S000000187										2021-01-11 19:29:17	2021-01-13 16:36:57	anonymous	anonymous	2021-01-11 09:59:13	2021-01-13 07:36:57
L2100	39	00001		2070			PCNFSB0009	안료 WH43 *OB-1*25kg		678.00	678.00								구매싱글폼			3	TBD	1.000	KG		KRW				678.00	FALSE	813.20	678.00		P0000077	S000000077										2021-01-11 19:29:17	2021-01-13 16:36:57	anonymous	anonymous	2021-01-11 09:59:13	2021-01-13 07:36:57
L2100	10	00001		2070			PCNCAM0092	MB-380		666.00	666.00								정확한 정보			3	TBD	1.000	KG		KRW				666.00	FALSE	799.20	666.00		P0000019	S000000019										2021-01-11 19:29:17	2021-01-13 16:36:57	anonymous	anonymous	2021-01-11 09:59:13	2021-01-13 07:36:57
L2100	74	00002		30H0			TCMACR0006	ACRYL,N-PMI(N-PHENYL MALEIMIDE) 일본촉매		555.00	555.00								구매공상평			3	TBD	1.000	KG		KRW				555.00	FALSE	666.20	555.00		P0000148	S000000148										2021-01-11 19:29:17	2021-01-13 16:36:57	anonymous	anonymous	2021-01-11 09:59:13	2021-01-13 07:36:57
L2100	133	00001		7110			405181	디에칠디치오카르바민산나트륨,ACS,228680,		555.00	555.00								정확한 정보			3	TBD	5.000	BT		KRW				555.00	FALSE	666.20	555.00		P0000265	S000000265										2021-01-11 19:29:17	2021-01-13 16:36:57	anonymous	anonymous	2021-01-11 09:59:13	2021-01-13 07:36:57
L2100	162	00001		7110			LPIS00158C	설명서 이브아르클래식플러스 도미니카		567.00	567.00								구매싱글폼			3	TBD	1.000	EA		KRW				567.00	FALSE	680.20	567.00		P0000323	S000000323										2021-01-11 19:29:17	2021-01-13 16:36:57	anonymous	anonymous	2021-01-11 09:59:13	2021-01-13 07:36:57
L2100	10	00002		2070			PCNCAM0093	MB-460		123.00	123.00								슬기로운 정보			3	TBD	1.000	KG		KRW				123.00	FALSE	147.20	123.00		P0000020	S000000020										2021-01-11 19:29:17	2021-01-13 16:36:57	anonymous	anonymous	2021-01-11 09:59:13	2021-01-13 07:36:57
L2100	39	00002		2070			PCNTIO0006	안료 TIO2 R350 *Chemours (WH-08)		789.00	789.00								성공!!			3	TBD	1.000	KG		KRW				789.00	FALSE	946.20	789.00		P0000078	S000000078										2021-01-11 19:29:17	2021-01-13 16:36:57	anonymous	anonymous	2021-01-11 09:59:13	2021-01-13 07:36:57
L2100	75	00001		30H0			TCMACR0008	ACRYL,GMA(GLYCIDYL METHACRYLATE) MGC 98%		666.00	666.00								구매싱글폼			3	TBD	1.000	KG		USD				666.00	FALSE	799.20	666.00		P0000149	S000000149										2021-01-11 19:29:17	2021-01-13 16:36:57	anonymous	anonymous	2021-01-11 09:59:13	2021-01-13 07:36:57
L2100	133	00002		7110			405489	Somatropin USP,1615708		666.00	666.00								슬기로운 정보			3	TBD	1.000	VI		KRW				666.00	FALSE	799.20	666.00		P0000266	S000000266										2021-01-11 19:29:17	2021-01-13 16:36:57	anonymous	anonymous	2021-01-11 09:59:13	2021-01-13 07:36:57
L2100	162	00002		7110			LPIS00162C	설명서 이브아르볼륨플러스 1mL 태국		678.00	678.00								성공!!			3	TBD	1.000	EA		KRW				678.00	FALSE	813.20	678.00		P0000324	S000000324										2021-01-11 19:29:17	2021-01-13 16:36:57	anonymous	anonymous	2021-01-11 09:59:13	2021-01-13 07:36:57
L2100	94	00002		30I0			TOEMMT0013	OLED, 9-(4-BROMOPHENYL)-9H-CARBAZOLE 99.		666.00	666.00								슬기로운 정보			3	TBD	1.000	KG		KRW				666.00	FALSE	799.20	666.00		P0000188	S000000188										2021-01-11 19:29:17	2021-01-13 16:36:57	anonymous	anonymous	2021-01-11 09:59:13	2021-01-13 07:36:57
L2100	11	00001		2070			PCNCAM0094	MB-670		234.00	234.00								사랑해요 LG			3	TBD	1.000	KG		KRW				234.00	FALSE	280.20	234.00		P0000021	S000000021										2021-01-11 19:29:17	2021-01-13 16:36:57	anonymous	anonymous	2021-01-11 09:59:13	2021-01-13 07:36:57
L2100	40	00001		2070			PCNTIO0028	안료 WH51*CR210*TIO2		111.00	111.00								정확한 정보			3	TBD	1.000	KG		KRW				111.00	FALSE	133.20	111.00		P0000079	S000000079										2021-01-11 19:29:17	2021-01-13 16:36:57	anonymous	anonymous	2021-01-11 09:59:13	2021-01-13 07:36:57
L2100	75	00002		30H0			TCMACR0011	ACRYL,FA513M HITACHI CHEM		123.00	123.00								성공!!			3	TBD	1.000	KG		KRW				123.00	FALSE	147.20	123.00		P0000150	S000000150										2021-01-11 19:29:17	2021-01-13 16:36:57	anonymous	anonymous	2021-01-11 09:59:13	2021-01-13 07:36:57
L2100	134	00001		7110			405624	Instant FAME Refill Kit,7020-M,MIDI		123.00	123.00								사랑해요 LG			3	TBD	1.000	BOX		KRW				123.00	FALSE	147.20	123.00		P0000267	S000000267										2021-01-11 19:29:17	2021-01-13 16:36:57	anonymous	anonymous	2021-01-11 09:59:13	2021-01-13 07:36:57
L2100	163	00001		7110			LPIS00176C	설명서 히루안원 1S 인도네시아		789.00	789.00								정확한 정보			3	TBD	1.000	EA		KRW				789.00	FALSE	946.20	789.00		P0000325	S000000325										2021-01-11 19:29:17	2021-01-13 16:36:57	anonymous	anonymous	2021-01-11 09:59:13	2021-01-13 07:36:57
L2100	11	00002		2070			PCNCAM0097	MB-121		345.00	345.00								구매공상평			3	TBD	1.000	KG		KRW				345.00	FALSE	414.20	345.00		P0000022	S000000022										2021-01-11 19:29:17	2021-01-13 16:36:57	anonymous	anonymous	2021-01-11 09:59:13	2021-01-13 07:36:57
L2100	40	00002		2070			PFAFAA0003	F/SOAP (18%)		222.00	222.00								슬기로운 정보			3	TBD	1.000	KG		KRW				222.00	FALSE	266.20	222.00		P0000080	S000000080										2021-01-11 19:29:17	2021-01-13 16:36:57	anonymous	anonymous	2021-01-11 09:59:13	2021-01-13 07:36:57
L2100	76	00001		30H0			TCMACR0013	ACRYL,BZMA (BENZYL METHACRY ACID) UPICA		234.00	234.00								정확한 정보			3	TBD	1.000	KG		USD				234.00	FALSE	280.20	234.00		P0000151	S000000151										2021-01-11 19:29:17	2021-01-13 16:36:57	anonymous	anonymous	2021-01-11 09:59:13	2021-01-13 07:36:57
L2100	134	00002		7110			406458	Proline EP CRS, P3350000, 60mg		234.00	234.00								구매공상평			3	TBD	5.000	BT		KRW				234.00	FALSE	280.20	234.00		P0000268	S000000268										2021-01-11 19:29:17	2021-01-13 16:36:57	anonymous	anonymous	2021-01-11 09:59:13	2021-01-13 07:36:57
L2100	95	00001		30I0			TOEMMT0021	OLED, BBAPBR 99%		123.00	123.00								사랑해요 LG			3	TBD	1.000	KG		KRW				123.00	FALSE	147.20	123.00		P0000189	S000000189										2021-01-11 19:29:17	2021-01-13 16:36:57	anonymous	anonymous	2021-01-11 09:59:13	2021-01-13 07:36:57
L2100	12	00001		2070			PCNCAM0098	MB-121H		456.00	456.00								구매싱글폼			3	TBD	1.000	KG		KRW				456.00	FALSE	547.20	456.00		P0000023	S000000023										2021-01-11 19:29:17	2021-01-13 16:36:57	anonymous	anonymous	2021-01-11 09:59:13	2021-01-13 07:36:57
L2100	163	00002		7110			LPIS00186C	설명서 이브아르컨투어플러스 도미니카		111.00	111.00								슬기로운 정보			3	TBD	1.000	EA		KRW				111.00	FALSE	133.20	111.00		P0000326	S000000326										2021-01-11 19:29:17	2021-01-13 16:36:57	anonymous	anonymous	2021-01-11 09:59:13	2021-01-13 07:36:57
L2100	41	00001		2070			PFASTA0001	St-Acid		333.00	333.00								사랑해요 LG			3	TBD	1.000	KG		KRW				333.00	FALSE	399.20	333.00		P0000081	S000000081										2021-01-11 19:29:17	2021-01-13 16:36:57	anonymous	anonymous	2021-01-11 09:59:13	2021-01-13 07:36:57
L2100	76	00002		30H0			TCMACR0019	ACRYL,CYCLOMER M100 DAICEL		345.00	345.00								슬기로운 정보			3	TBD	1.000	KG		KRW				345.00	FALSE	414.20	345.00		P0000152	S000000152										2021-01-11 19:29:17	2021-01-13 16:36:57	anonymous	anonymous	2021-01-11 09:59:13	2021-01-13 07:36:57
L2100	135	00001		7110			407690	Acetic acid,695092-100mL,Aldrich		345.00	345.00								구매싱글폼			3	TBD	5.000	BT		KRW				345.00	FALSE	414.20	345.00		P0000269	S000000269										2021-01-11 19:29:17	2021-01-13 16:36:57	anonymous	anonymous	2021-01-11 09:59:13	2021-01-13 07:36:57
L2100	12	00002		2070			PCNCAS0027	안료 SSL14*SILVER*890-30-E1/303-AR*25kg		567.00	567.00								성공!!			3	TBD	1.000	KG		KRW				567.00	FALSE	680.20	567.00		P0000024	S000000024										2021-01-11 19:29:17	2021-01-13 16:36:57	anonymous	anonymous	2021-01-11 09:59:13	2021-01-13 07:36:57
L2100	164	00001		7110			LPLB00145C	LABEL 이브아르컨투어플러스 씨 칠레		222.00	222.00								사랑해요 LG			3	TBD	1.000	EA		KRW				222.00	FALSE	266.20	222.00		P0000327	S000000327										2021-01-11 19:29:17	2021-01-13 16:36:57	anonymous	anonymous	2021-01-11 09:59:13	2021-01-13 07:36:57
L2100	41	00002		2070			PFLETC0018	난연제 BPADP(CR741)		444.00	444.00								구매공상평			3	TBD	1.000	KG		KRW				444.00	FALSE	532.20	444.00		P0000082	S000000082										2021-01-11 19:29:17	2021-01-13 16:36:57	anonymous	anonymous	2021-01-11 09:59:13	2021-01-13 07:36:57
L2100	135	00002		7110			409574	5-(Hydroxymethyl)furfural,W501808,1g		456.00	456.00								성공!!			3	TBD	5.000	BT		KRW				456.00	FALSE	547.20	456.00		P0000270	S000000270										2021-01-11 19:29:17	2021-01-13 16:36:57	anonymous	anonymous	2021-01-11 09:59:13	2021-01-13 07:36:57
L2100	77	00001		30H0			TCMACR0032	ACRYL,DPHA(50%PGMEA) 장흥화학 희석액		456.00	456.00								사랑해요 LG			3	TBD	1.000	KG		USD				456.00	FALSE	547.20	456.00		P0000153	S000000153										2021-01-11 19:29:17	2021-01-13 16:36:57	anonymous	anonymous	2021-01-11 09:59:13	2021-01-13 07:36:57
L2100	95	00002		30I0			TOEMMT0022	OLED, 4-CPBA 98%		234.00	234.00								구매공상평			3	TBD	1.000	KG		KRW				234.00	FALSE	280.20	234.00		P0000190	S000000190										2021-01-11 19:29:17	2021-01-13 16:36:57	anonymous	anonymous	2021-01-11 09:59:13	2021-01-13 07:36:57
L2100	13	00001		2070			PCNCAS0028	안료 SSL15*SILVER*838-30-E1*25kg		678.00	678.00								정확한 정보			3	TBD	1.000	KG		KRW				678.00	FALSE	813.20	678.00		P0000025	S000000025										2021-01-11 19:29:17	2021-01-13 16:36:57	anonymous	anonymous	2021-01-11 09:59:13	2021-01-13 07:36:57
L2100	164	00002		7110			LPLB00146C	LABEL 이브아르컨투어플러스 씨 칠레 2차		333.00	333.00								구매공상평			3	TBD	1.000	EA		KRW				333.00	FALSE	399.20	333.00		P0000328	S000000328										2021-01-11 19:29:17	2021-01-13 16:36:57	anonymous	anonymous	2021-01-11 09:59:13	2021-01-13 07:36:57
L2100	42	00001		2070			PFLETC0025	BPADP *FP-600 *CR-741 *BDP		555.00	555.00								구매싱글폼			3	TBD	1.000	KG		KRW				555.00	FALSE	666.20	555.00		P0000083	S000000083										2021-01-11 19:29:17	2021-01-13 16:36:57	anonymous	anonymous	2021-01-11 09:59:13	2021-01-13 07:36:57
L2100	77	00002		30H0			TCMACR0059	ACRYL,DPHA(50%MMP) 장흥화학 희석액		567.00	567.00								구매공상평			3	TBD	1.000	KG		USD				567.00	FALSE	680.20	567.00		P0000154	S000000154										2021-01-11 19:29:17	2021-01-13 16:36:57	anonymous	anonymous	2021-01-11 09:59:13	2021-01-13 07:36:57
L2100	136	00001		7110			410058	Phenol,페놀,Merck,1.09001.0500,500mL		567.00	567.00								정확한 정보			3	TBD	5.000	BT		KRW				567.00	FALSE	680.20	567.00		P0000271	S000000271										2021-01-11 19:29:17	2021-01-13 16:36:57	anonymous	anonymous	2021-01-11 09:59:13	2021-01-13 07:36:57
L2100	13	00002		2070			PCNCAS0064	안료 SSL26 *LT-12425 *25KG		789.00	789.00								슬기로운 정보			3	TBD	1.000	KG		KRW				789.00	FALSE	946.20	789.00		P0000026	S000000026										2021-01-11 19:29:17	2021-01-13 16:36:57	anonymous	anonymous	2021-01-11 09:59:13	2021-01-13 07:36:57
L2100	165	00001		7110			LPLB00207C	LABEL 이브아르 컨투어 1.0 CE유럽공통		444.00	444.00								구매싱글폼			3	TBD	1.000	EA		KRW				444.00	FALSE	532.20	444.00		P0000329	S000000329										2021-01-11 19:29:17	2021-01-13 16:36:57	anonymous	anonymous	2021-01-11 09:59:13	2021-01-13 07:36:57
L2100	42	00002		2070			PFLETC0025	BPADP *FP-600 *CR-741 *BDP		666.00	666.00								성공!!			3	TBD	1.000	KG		USD				666.00	FALSE	799.20	666.00		P0000084	S000000084										2021-01-11 19:29:17	2021-01-13 16:36:57	anonymous	anonymous	2021-01-11 09:59:13	2021-01-13 07:36:57
L2100	96	00001		30I0			TOEMMT0030	OLED, SABA 98%		345.00	345.00								구매싱글폼			3	TBD	1000.000	G		KRW				345.00	FALSE	414.20	345.00		P0000191	S000000191										2021-01-11 19:29:17	2021-01-13 16:36:57	anonymous	anonymous	2021-01-11 09:59:13	2021-01-13 07:36:57
L2100	78	00001		30H0			TCMAHY0011	ANHYDRIDE,BPAF 99.5% JFE		678.00	678.00								구매싱글폼			3	TBD	1.000	KG		KRW				678.00	FALSE	813.20	678.00		P0000155	S000000155										2021-01-11 19:29:17	2021-01-13 16:36:57	anonymous	anonymous	2021-01-11 09:59:13	2021-01-13 07:36:57
L2100	136	00002		7110			410128	Follitropin EP standard, Y0001629, EP		678.00	678.00								슬기로운 정보			3	TBD	1.000	EA		KRW				678.00	FALSE	813.20	678.00		P0000272	S000000272										2021-01-11 19:29:17	2021-01-13 16:36:57	anonymous	anonymous	2021-01-11 09:59:13	2021-01-13 07:36:57
L2100	14	00001		2070			PCNCAS0088	특수안료,SSL-32 PEARL SILVER SILBERLINE_		111.00	111.00								사랑해요 LG			3	TBD	1.000	KG		KRW				111.00	FALSE	133.20	111.00		P0000027	S000000027										2021-01-11 19:29:17	2021-01-13 16:36:57	anonymous	anonymous	2021-01-11 09:59:13	2021-01-13 07:36:57
L2100	43	00001		2070			PFLSBO0001	FPSB (Sb2O3)		123.00	123.00								정확한 정보			3	TBD	1.000	KG		USD				123.00	FALSE	147.20	123.00		P0000085	S000000085										2021-01-11 19:29:17	2021-01-13 16:36:57	anonymous	anonymous	2021-01-11 09:59:13	2021-01-13 07:36:57
L2100	165	00002		7110			LPLB00208C	LABEL 이브아르 컨투어 1.0 CE유럽공통 2차		555.00	555.00								성공!!			3	TBD	1.000	EA		KRW				555.00	FALSE	666.20	555.00		P0000330	S000000330										2021-01-11 19:29:17	2021-01-13 16:36:57	anonymous	anonymous	2021-01-11 09:59:13	2021-01-13 07:36:57
L2100	78	00002		30H0			TCMEPX0002	EPOXY,CEL2021P DAICEL		789.00	789.00								성공!!			3	TBD	1.000	KG		KRW				789.00	FALSE	946.20	789.00		P0000156	S000000156										2021-01-11 19:29:17	2021-01-13 16:36:57	anonymous	anonymous	2021-01-11 09:59:13	2021-01-13 07:36:57
L2100	137	00001		7110			410332	1% O2/He 가스, 10L		789.00	789.00								사랑해요 LG			3	TBD	5.000	BT		KRW				789.00	FALSE	946.20	789.00		P0000273	S000000273										2021-01-11 19:29:17	2021-01-13 16:36:57	anonymous	anonymous	2021-01-11 09:59:13	2021-01-13 07:36:57
L2100	14	00002		2070			PCNCLA0002	안료 YW17		222.00	222.00								구매공상평			3	TBD	1.000	KG		KRW				222.00	FALSE	266.20	222.00		P0000028	S000000028										2021-01-11 19:29:17	2021-01-13 16:36:57	anonymous	anonymous	2021-01-11 09:59:13	2021-01-13 07:36:57
L2100	43	00002		2070			PFLTBA0001	FPTB (TBBA)		234.00	234.00								슬기로운 정보			3	TBD	1.000	KG		USD				234.00	FALSE	280.20	234.00		P0000086	S000000086										2021-01-11 19:29:17	2021-01-13 16:36:57	anonymous	anonymous	2021-01-11 09:59:13	2021-01-13 07:36:57
L2100	96	00002		30I0			TOEMMT0033	OLED, 10-BROMO-7[H]-BENZO[C]CARBOZOLE 99		456.00	456.00								성공!!			3	TBD	1.000	KG		KRW				456.00	FALSE	547.20	456.00		P0000192	S000000192										2021-01-11 19:29:17	2021-01-13 16:36:57	anonymous	anonymous	2021-01-11 09:59:13	2021-01-13 07:36:57
L2100	166	00001		7110			LPLB00216C	LABEL 이브아르볼륨s 1mL CE 유럽공통 2차		666.00	666.00								정확한 정보			3	TBD	1.000	EA		KRW				666.00	FALSE	799.20	666.00		P0000331	S000000331										2021-01-11 19:29:17	2021-01-13 16:36:57	anonymous	anonymous	2021-01-11 09:59:13	2021-01-13 07:36:57
L2100	79	00001		30H0			TCMEPX0005	EPOXY,CEL8000 DAICEL		111.00	111.00								정확한 정보			3	TBD	1.000	KG		KRW				111.00	FALSE	133.20	111.00		P0000157	S000000157										2021-01-11 19:29:17	2021-01-13 16:36:57	anonymous	anonymous	2021-01-11 09:59:13	2021-01-13 07:36:57
L2100	137	00002		7110			LCBS00002CMPN	이브아르 와이-솔루션 360 지지대		111.00	111.00								구매공상평			3	TBD	1.000	EA		KRW				111.00	FALSE	133.20	111.00		P0000274	S000000274										2021-01-11 19:29:17	2021-01-13 16:36:57	anonymous	anonymous	2021-01-11 09:59:13	2021-01-13 07:36:57
L2100	15	00001		2070			PCNCLA0002	안료 YW17		333.00	333.00								구매싱글폼			3	TBD	1.000	KG		USD				333.00	FALSE	399.20	333.00		P0000029	S000000029										2021-01-11 19:29:17	2021-01-13 16:36:57	anonymous	anonymous	2021-01-11 09:59:13	2021-01-13 07:36:57
L2100	44	00001		2070			PFLTEP0001	FPTE (DF-203)		345.00	345.00								사랑해요 LG			3	TBD	1.000	KG		KRW				345.00	FALSE	414.20	345.00		P0000087	S000000087										2021-01-11 19:29:17	2021-01-13 16:36:57	anonymous	anonymous	2021-01-11 09:59:13	2021-01-13 07:36:57
L2100	166	00002		7110			LPLB00217C	LABEL 이브아르볼륨s 1.0mL CE 유럽공통		123.00	123.00								슬기로운 정보			3	TBD	1.000	EA		KRW				123.00	FALSE	147.20	123.00		P0000332	S000000332										2021-01-11 19:29:17	2021-01-13 16:36:57	anonymous	anonymous	2021-01-11 09:59:13	2021-01-13 07:36:57
L2100	15	00002		2070			PCNCLA0012	안료 RD22 *RED K 3911 *20kg		444.00	444.00								성공!!			3	TBD	1.000	KG		KRW				444.00	FALSE	532.20	444.00		P0000030	S000000030										2021-01-11 19:29:17	2021-01-13 16:36:57	anonymous	anonymous	2021-01-11 09:59:13	2021-01-13 07:36:57
L2100	79	00002		30H0			TCMPHO0003	광활성제,DBA(UVS-1331) Kawasaki Kasei		222.00	222.00								슬기로운 정보			3	TBD	1.000	KG		JPY				222.00	FALSE	266.20	222.00		P0000158	S000000158										2021-01-11 19:29:17	2021-01-13 16:36:57	anonymous	anonymous	2021-01-11 09:59:13	2021-01-13 07:36:57
L2100	97	00001		30I0			TOEMMT0040	OLED, 4-BROMO-9,9-DIPHENYL-9H-FLUORENE 9		567.00	567.00								정확한 정보			3	TBD	1.000	KG		USD				567.00	FALSE	680.20	567.00		P0000193	S000000193										2021-01-11 19:29:17	2021-01-13 16:36:57	anonymous	anonymous	2021-01-11 09:59:13	2021-01-13 07:36:57
L2100	44	00002		2070			PGCNBC0004	NBCP *VZN-300		456.00	456.00								구매공상평			3	TBD	1.000	KG		KRW				456.00	FALSE	547.20	456.00		P0000088	S000000088										2021-01-11 19:29:17	2021-01-13 16:36:57	anonymous	anonymous	2021-01-11 09:59:13	2021-01-13 07:36:57
L2100	167	00001		7110			LPLB00218C	LABEL 이브아르클래식s CE 유럽공통2차		234.00	234.00								사랑해요 LG			3	TBD	1.000	EA		KRW				234.00	FALSE	280.20	234.00		P0000333	S000000333										2021-01-11 19:29:17	2021-01-13 16:36:57	anonymous	anonymous	2021-01-11 09:59:13	2021-01-13 07:36:57
L2100	138	00001		7110			LCBS00003CMPN	이브아르 와이-솔루션 540 지지대		222.00	222.00								구매싱글폼			3	TBD	1.000	EA		KRW				222.00	FALSE	266.20	222.00		P0000275	S000000275										2021-01-11 19:29:17	2021-01-13 16:36:57	anonymous	anonymous	2021-01-11 09:59:13	2021-01-13 07:36:57
L2100	16	00001		2070			PCNCLA0015	안료 GR08 *Heliogen Green K 8730 *30kg		555.00	555.00								정확한 정보			3	TBD	1.000	KG		KRW				555.00	FALSE	666.20	555.00		P0000031	S000000031										2021-01-11 19:29:17	2021-01-13 16:36:57	anonymous	anonymous	2021-01-11 09:59:13	2021-01-13 07:36:57
L2100	80	00001		30H0			TCMSUB0001	접착조제,KBM-503 SHINETSU		333.00	333.00								사랑해요 LG			3	TBD	1.000	KG		KRW				333.00	FALSE	399.20	333.00		P0000159	S000000159										2021-01-11 19:29:17	2021-01-13 16:36:57	anonymous	anonymous	2021-01-11 09:59:13	2021-01-13 07:36:57
L2100	45	00001		2070			PITTPE0001	TPEC (Chemex-EC)		567.00	567.00								구매싱글폼			3	TBD	1.000	KG		USD				567.00	FALSE	680.20	567.00		P0000089	S000000089										2021-01-11 19:29:17	2021-01-13 16:36:57	anonymous	anonymous	2021-01-11 09:59:13	2021-01-13 07:36:57
L2100	167	00002		7110			LPLB00219C	LABEL 이브아르클래식s 1.0mL CE 유럽공통		345.00	345.00								구매공상평			3	TBD	1.000	EA		KRW				345.00	FALSE	414.20	345.00		P0000334	S000000334										2021-01-11 19:29:17	2021-01-13 16:36:57	anonymous	anonymous	2021-01-11 09:59:13	2021-01-13 07:36:57
L2100	16	00002		2070			PCNCLA0017	안료 BR02 *X BAYFERROX B.RED120 *25kg		666.00	666.00								슬기로운 정보			3	TBD	1.000	KG		KRW				666.00	FALSE	799.20	666.00		P0000032	S000000032										2021-01-11 19:29:17	2021-01-13 16:36:57	anonymous	anonymous	2021-01-11 09:59:13	2021-01-13 07:36:57
L2100	138	00002		7110			LCBS00004CMPN	이브아르 와이-솔루션 720 지지대		333.00	333.00								성공!!			3	TBD	1.000	EA		KRW				333.00	FALSE	399.20	333.00		P0000276	S000000276										2021-01-11 19:29:17	2021-01-13 16:36:57	anonymous	anonymous	2021-01-11 09:59:13	2021-01-13 07:36:57
L2100	80	00002		30H0			TCMSVT0012	SOLVENT,NMP(N-METHYL-2PYRROLIDONE) 100 B		444.00	444.00								구매공상평			3	TBD	1.000	KG		KRW				444.00	FALSE	532.20	444.00		P0000160	S000000160										2021-01-11 19:29:17	2021-01-13 16:36:57	anonymous	anonymous	2021-01-11 09:59:13	2021-01-13 07:36:57
L2100	97	00002		30I0			TOEMMT0053	OLED,분말 BBZ 99%		678.00	678.00								슬기로운 정보			3	TBD	1.000	KG		USD				678.00	FALSE	813.20	678.00		P0000194	S000000194										2021-01-11 19:29:17	2021-01-13 16:36:57	anonymous	anonymous	2021-01-11 09:59:13	2021-01-13 07:36:57
L2100	45	00002		2070			PNEMGO0001	SPMG (MgO)		678.00	678.00								성공!!			3	TBD	1.000	KG		USD				678.00	FALSE	813.20	678.00		P0000090	S000000090										2021-01-11 19:29:17	2021-01-13 16:36:57	anonymous	anonymous	2021-01-11 09:59:13	2021-01-13 07:36:57
L2100	168	00001		7110			LPLB00307C	LABEL 이브아르볼륨플러스 1mL 태국 2차		456.00	456.00								구매싱글폼			3	TBD	1.000	EA		KRW				456.00	FALSE	547.20	456.00		P0000335	S000000335										2021-01-11 19:29:17	2021-01-13 16:36:57	anonymous	anonymous	2021-01-11 09:59:13	2021-01-13 07:36:57
L2100	17	00001		2070			PCNCLA0018	안료 BLUE-G *Diaresin Blue-G *5kg		123.00	123.00								사랑해요 LG			3	TBD	1.000	KG		JPY				123.00	FALSE	147.20	123.00		P0000033	S000000033										2021-01-11 19:29:17	2021-01-13 16:36:57	anonymous	anonymous	2021-01-11 09:59:13	2021-01-13 07:36:57
L2100	139	00001		7110			LCBS00005CMPN	이브아르 클래식 플러스 지지대		444.00	444.00								정확한 정보			3	TBD	1.000	EA		KRW				444.00	FALSE	532.20	444.00		P0000277	S000000277										2021-01-11 19:29:17	2021-01-13 16:36:57	anonymous	anonymous	2021-01-11 09:59:13	2021-01-13 07:36:57
L2100	81	00001		30H0			TCMSVT0022	SOLVENT,PGMEA TANK 재원산업		555.00	555.00								구매싱글폼			3	TBD	1.000	KG		KRW				555.00	FALSE	666.20	555.00		P0000161	S000000161										2021-01-11 19:29:17	2021-01-13 16:36:57	anonymous	anonymous	2021-01-11 09:59:13	2021-01-13 07:36:57
L2100	46	00001		2070			PPFB0018	BAG 재생 ABS DP 900*900*1420		789.00	789.00								정확한 정보			3	TBD	1.000	EA		KRW				789.00	FALSE	946.20	789.00		P0000091	S000000091										2021-01-11 19:29:17	2021-01-13 16:36:57	anonymous	anonymous	2021-01-11 09:59:13	2021-01-13 07:36:57
L2100	168	00002		7110			LPLB00308C	LABEL 이브아르볼륨플러스 1mL 태국		567.00	567.00								성공!!			3	TBD	1.000	EA		KRW				567.00	FALSE	680.20	567.00		P0000336	S000000336										2021-01-11 19:29:17	2021-01-13 16:36:57	anonymous	anonymous	2021-01-11 09:59:13	2021-01-13 07:36:57
L2100	17	00002		2070			PCNCLA0019	안료 BL23 *Blue K 6911 *30kg		234.00	234.00								구매공상평			3	TBD	1.000	KG		KRW				234.00	FALSE	280.20	234.00		P0000034	S000000034										2021-01-11 19:29:17	2021-01-13 16:36:57	anonymous	anonymous	2021-01-11 09:59:13	2021-01-13 07:36:57
L2100	98	00001		30I0			TOEMMT0054	OLED,분말 BNA 99.9%		789.00	789.00								사랑해요 LG			3	TBD	1.000	KG		KRW				789.00	FALSE	946.20	789.00		P0000195	S000000195										2021-01-11 19:29:17	2021-01-13 16:36:57	anonymous	anonymous	2021-01-11 09:59:13	2021-01-13 07:36:57
L2100	81	00002		30H0			TCMSVT0047	SOLVENT,MEDG 190 GMST 한농화성		666.00	666.00								성공!!			3	TBD	1.000	KG		KRW				666.00	FALSE	799.20	666.00		P0000162	S000000162										2021-01-11 19:29:17	2021-01-13 16:36:57	anonymous	anonymous	2021-01-11 09:59:13	2021-01-13 07:36:57
L2100	139	00002		7110			LCBS00006CMPN	이브아르 볼륨 플러스 지지대		555.00	555.00								슬기로운 정보			3	TBD	1.000	EA		KRW				555.00	FALSE	666.20	555.00		P0000278	S000000278										2021-01-11 19:29:17	2021-01-13 16:36:57	anonymous	anonymous	2021-01-11 09:59:13	2021-01-13 07:36:57
L2100	46	00002		2070			PPFB0077	FIBC GB ASA 850KG 1020*1020*1250		111.00	111.00								슬기로운 정보			3	TBD	1.000	EA		KRW				111.00	FALSE	133.20	111.00		P0000092	S000000092										2021-01-11 19:29:17	2021-01-13 16:36:57	anonymous	anonymous	2021-01-11 09:59:13	2021-01-13 07:36:57
L2100	169	00001		7110			LPLB00320C	LABEL 이브아르클래식플러스 도미니카		678.00	678.00								정확한 정보			3	TBD	1.000	EA		KRW				678.00	FALSE	813.20	678.00		P0000337	S000000337										2021-01-11 19:29:17	2021-01-13 16:36:57	anonymous	anonymous	2021-01-11 09:59:13	2021-01-13 07:36:57
L2100	18	00001		2070			PCNCLA0020	안료 BL19 *Blue K 7090 *30kg		345.00	345.00								구매싱글폼			3	TBD	1.000	KG		KRW				345.00	FALSE	414.20	345.00		P0000035	S000000035										2021-01-11 19:29:17	2021-01-13 16:36:57	anonymous	anonymous	2021-01-11 09:59:13	2021-01-13 07:36:57
L2100	82	00001		30H0			TCMSVT0048	SOLVENT,3-MBA 180, TANK 대림		123.00	123.00								정확한 정보			3	TBD	1.000	KG		KRW				123.00	FALSE	147.20	123.00		P0000163	S000000163										2021-01-11 19:29:17	2021-01-13 16:36:57	anonymous	anonymous	2021-01-11 09:59:13	2021-01-13 07:36:57
L2100	140	00001		7110			LCBS00007CMPN	이브아르 컨투어 플러스 지지대		666.00	666.00								사랑해요 LG			3	TBD	1.000	EA		KRW				666.00	FALSE	799.20	666.00		P0000279	S000000279										2021-01-11 19:29:17	2021-01-13 16:36:57	anonymous	anonymous	2021-01-11 09:59:13	2021-01-13 07:36:57
L2100	47	00001		2070			PPLI0019	BULK LINER(WOVEN TYPE)*2500*2500*5950		222.00	222.00								사랑해요 LG			3	TBD	1.000	EA		KRW				222.00	FALSE	266.20	222.00		P0000093	S000000093										2021-01-11 19:29:17	2021-01-13 16:36:57	anonymous	anonymous	2021-01-11 09:59:13	2021-01-13 07:36:57
L2100	98	00002		30I0			TOEMMT0073	OLED,분말 2-BSX 99%		111.00	111.00								구매공상평			3	TBD	1.000	KG		KRW				111.00	FALSE	133.20	111.00		P0000196	S000000196										2021-01-11 19:29:17	2021-01-13 16:36:57	anonymous	anonymous	2021-01-11 09:59:13	2021-01-13 07:36:57
L2100	18	00002		2070			PCNCLA0025	안료 YW18 *Yellow K 1800*20kg		456.00	456.00								성공!!			3	TBD	1.000	KG		KRW				456.00	FALSE	547.20	456.00		P0000036	S000000036										2021-01-11 19:29:17	2021-01-13 16:36:57	anonymous	anonymous	2021-01-11 09:59:13	2021-01-13 07:36:57
L2100	169	00002		7110			LPLB00321C	LABEL 이브아르클래식플러스 도미니카 2차		789.00	789.00								슬기로운 정보			3	TBD	1.000	EA		KRW				789.00	FALSE	946.20	789.00		P0000338	S000000338										2021-01-11 19:29:17	2021-01-13 16:36:57	anonymous	anonymous	2021-01-11 09:59:13	2021-01-13 07:36:57
L2100	82	00002		30H0			TCMSVT0049	SOLVENT,MMP(METHYL-3-METHOXY PROPIONATE)		234.00	234.00								슬기로운 정보			3	TBD	1.000	KG		KRW				234.00	FALSE	280.20	234.00		P0000164	S000000164										2021-01-11 19:29:17	2021-01-13 16:36:57	anonymous	anonymous	2021-01-11 09:59:13	2021-01-13 07:36:57
L2100	140	00002		7110			LCCP00005CMPN	마개 151mm Mist Gray HA 원액용기 신형캡		123.00	123.00								구매공상평			3	TBD	1.000	EA		KRW				123.00	FALSE	147.20	123.00		P0000280	S000000280										2021-01-11 19:29:17	2021-01-13 16:36:57	anonymous	anonymous	2021-01-11 09:59:13	2021-01-13 07:36:57
L2100	47	00002		2070			PPTA0004	클립지 *70mm *지대봉합용 *황크립지		333.00	333.00								구매공상평			3	TBD	1.000	KG		KRW				333.00	FALSE	399.20	333.00		P0000094	S000000094										2021-01-11 19:29:17	2021-01-13 16:36:57	anonymous	anonymous	2021-01-11 09:59:13	2021-01-13 07:36:57
L2100	19	00001		2070			PCNCLA0028	안료 VVD *VIOLET RR*5kg		567.00	567.00								정확한 정보			3	TBD	1.000	KG		USD				567.00	FALSE	680.20	567.00		P0000037	S000000037										2021-01-11 19:29:17	2021-01-13 16:36:57	anonymous	anonymous	2021-01-11 09:59:13	2021-01-13 07:36:57
L2100	170	00001		7110			LPLB00324C	LABEL 이브아르볼륨플러스 1mL 도미니카		111.00	111.00								사랑해요 LG			3	TBD	1.000	EA		KRW				111.00	FALSE	133.20	111.00		P0000339	S000000339										2021-01-11 19:29:17	2021-01-13 16:36:57	anonymous	anonymous	2021-01-11 09:59:13	2021-01-13 07:36:57
L2100	83	00001		30H0			TCMSVT0092	SOLVENT,BGDA(BDDA) 99.5% DAICEL 나가세		345.00	345.00								사랑해요 LG			3	TBD	1.000	KG		USD				345.00	FALSE	414.20	345.00		P0000165	S000000165										2021-01-11 19:29:17	2021-01-13 16:36:57	anonymous	anonymous	2021-01-11 09:59:13	2021-01-13 07:36:57
L2100	141	00001		7110			LCPL00002CMPN	이브아르 와이-솔루션 360 밀대		234.00	234.00								구매싱글폼			3	TBD	1.000	EA		KRW				234.00	FALSE	280.20	234.00		P0000281	S000000281										2021-01-11 19:29:17	2021-01-13 16:36:57	anonymous	anonymous	2021-01-11 09:59:13	2021-01-13 07:36:57
L2100	48	00001		2070			PRIACT0001	충격보강제 HP-4051		444.00	444.00								구매싱글폼			3	TBD	1.000	KG		USD				444.00	FALSE	532.20	444.00		P0000095	S000000095										2021-01-11 19:29:17	2021-01-13 16:36:57	anonymous	anonymous	2021-01-11 09:59:13	2021-01-13 07:36:57
L2100	99	00001		30I0			TOEMMT0094	OLED,분말 H-369 99%		222.00	222.00								구매싱글폼			3	TBD	1.000	KG		KRW				222.00	FALSE	266.20	222.00		P0000197	S000000197										2021-01-11 19:29:17	2021-01-13 16:36:57	anonymous	anonymous	2021-01-11 09:59:13	2021-01-13 07:36:57
L2100	19	00002		2070			PCNCLA0029	안료 RD26 *Magenta K 4535*20kg		678.00	678.00								슬기로운 정보			3	TBD	1.000	KG		KRW				678.00	FALSE	813.20	678.00		P0000038	S000000038										2021-01-11 19:29:17	2021-01-13 16:36:57	anonymous	anonymous	2021-01-11 09:59:13	2021-01-13 07:36:57
L2100	170	00002		7110			LPLB00325C	LABEL 이브아르볼륨플러스 도미니카 2차		222.00	222.00								구매공상평			3	TBD	1.000	EA		KRW				222.00	FALSE	266.20	222.00		P0000340	S000000340										2021-01-11 19:29:17	2021-01-13 16:36:57	anonymous	anonymous	2021-01-11 09:59:13	2021-01-13 07:36:57
L2100	83	00002		30H0			TCMSVT0113	SOLVENT,PGMEA(재생) DRUM		456.00	456.00								구매공상평			3	TBD	1.000	KG		KRW				456.00	FALSE	547.20	456.00		P0000166	S000000166										2021-01-11 19:29:17	2021-01-13 16:36:57	anonymous	anonymous	2021-01-11 09:59:13	2021-01-13 07:36:57
L2100	48	00002		2070			PRIACT0002	MODIPER A1401		555.00	555.00								성공!!			3	TBD	1.000	KG		KRW				555.00	FALSE	666.20	555.00		P0000096	S000000096										2021-01-11 19:29:17	2021-01-13 16:36:57	anonymous	anonymous	2021-01-11 09:59:13	2021-01-13 07:36:57
L2100	141	00002		7110			LCPL00003CMPN	이브아르 와이-솔루션 540 밀대		345.00	345.00								성공!!			3	TBD	1.000	EA		KRW				345.00	FALSE	414.20	345.00		P0000282	S000000282										2021-01-11 19:29:17	2021-01-13 16:36:57	anonymous	anonymous	2021-01-11 09:59:13	2021-01-13 07:36:57
L2100	20	00001		2070			PCNCLA0030	안료 RD27 *Irgazin Ru K 4085 *20kg		789.00	789.00								사랑해요 LG			3	TBD	1.000	KG		KRW				789.00	FALSE	946.20	789.00		P0000039	S000000039										2021-01-11 19:29:17	2021-01-13 16:36:57	anonymous	anonymous	2021-01-11 09:59:13	2021-01-13 07:36:57
L2100	171	00001		7110			LPLB00349C	LABEL 히루안원주 1S 인도네시아		333.00	333.00								구매싱글폼			3	TBD	1.000	EA		KRW				333.00	FALSE	399.20	333.00		P0000341	S000000341										2021-01-11 19:29:17	2021-01-13 16:36:57	anonymous	anonymous	2021-01-11 09:59:13	2021-01-13 07:36:57
L2100	84	00001		30H0			TCRMIL0061	MILLBASE,RED SRL7 1014 18KG SKC		567.00	567.00								구매싱글폼			3	TBD	1.000	KG		JPY				567.00	FALSE	680.20	567.00		P0000167	S000000167										2021-01-11 19:29:17	2021-01-13 16:36:57	anonymous	anonymous	2021-01-11 09:59:13	2021-01-13 07:36:57
L2100	99	00002		30I0			TOEMMT0096	OLED,분말 2-CDFT 99%		333.00	333.00								성공!!			3	TBD	1.000	KG		USD				333.00	FALSE	399.20	333.00		P0000198	S000000198										2021-01-11 19:29:17	2021-01-13 16:36:57	anonymous	anonymous	2021-01-11 09:59:13	2021-01-13 07:36:57
L2100	49	00001		2070			PRSABS0003	ZB-869 *AS-869 *HS-269		666.00	666.00								정확한 정보			3	TBD	1.000	KG		USD				666.00	FALSE	799.20	666.00		P0000097	S000000097										2021-01-11 19:29:17	2021-01-13 16:36:57	anonymous	anonymous	2021-01-11 09:59:13	2021-01-13 07:36:57
L2100	142	00001		7110			LCPL00004CMPN	이브아르 와이-솔루션 720 밀대		456.00	456.00								정확한 정보			3	TBD	1.000	EA		KRW				456.00	FALSE	547.20	456.00		P0000283	S000000283										2021-01-11 19:29:17	2021-01-13 16:36:57	anonymous	anonymous	2021-01-11 09:59:13	2021-01-13 07:36:57
L2100	20	00002		2070			PCNCLA0055	안료 YW19 *Yellow K 1760*10kg		111.00	111.00								구매공상평			3	TBD	1.000	KG		KRW				111.00	FALSE	133.20	111.00		P0000040	S000000040										2021-01-11 19:29:17	2021-01-13 16:36:57	anonymous	anonymous	2021-01-11 09:59:13	2021-01-13 07:36:57
L2100	171	00002		7110			LPLB00350C	LABEL히루안원 1S 인도네시아 블리스터라벨		444.00	444.00								성공!!			3	TBD	1.000	EA		KRW				444.00	FALSE	532.20	444.00		P0000342	S000000342										2021-01-11 19:29:17	2021-01-13 16:36:57	anonymous	anonymous	2021-01-11 09:59:13	2021-01-13 07:36:57
L2100	84	00002		30H0			TCRMIL0077	MILLBASE,BLACK BK-4731 15KG TOKUSHIKI		678.00	678.00								성공!!			3	TBD	1.000	KG		JPY				678.00	FALSE	813.20	678.00		P0000168	S000000168										2021-01-11 19:29:17	2021-01-13 16:36:57	anonymous	anonymous	2021-01-11 09:59:13	2021-01-13 07:36:57
L2100	49	00002		2070			PRSABS0062	A204BK		123.00	123.00								슬기로운 정보			3	TBD	1.000	KG		KRW				123.00	FALSE	147.20	123.00		P0000098	S000000098										2021-01-11 19:29:17	2021-01-13 16:36:57	anonymous	anonymous	2021-01-11 09:59:13	2021-01-13 07:36:57
L2100	142	00002		7110			LCPL00005CMPN	이브아르 클래식 플러스 밀대		567.00	567.00								슬기로운 정보			3	TBD	1.000	EA		KRW				567.00	FALSE	680.20	567.00		P0000284	S000000284										2021-01-11 19:29:17	2021-01-13 16:36:57	anonymous	anonymous	2021-01-11 09:59:13	2021-01-13 07:36:57
L2100	21	00001		2070			PCNCLA0117	TIO2 (M/B)		222.00	222.00								구매싱글폼			3	TBD	1.000	KG		KRW				222.00	FALSE	266.20	222.00		P0000041	S000000041										2021-01-11 19:29:17	2021-01-13 16:36:57	anonymous	anonymous	2021-01-11 09:59:13	2021-01-13 07:36:57
L2100	100	00001		30I0			TOEMMT0100	OLED, G-609 99.5%		444.00	444.00								정확한 정보			3	TBD	1.000	KG		KRW				444.00	FALSE	532.20	444.00		P0000199	S000000199										2021-01-11 19:29:17	2021-01-13 16:36:57	anonymous	anonymous	2021-01-11 09:59:13	2021-01-13 07:36:57
L2100	172	00001		7110			LPLB00367C	LABEL 이브아르컨투어플러스 도미니카 2차		555.00	555.00								정확한 정보			3	TBD	1.000	EA		KRW				555.00	FALSE	666.20	555.00		P0000343	S000000343										2021-01-11 19:29:17	2021-01-13 16:36:57	anonymous	anonymous	2021-01-11 09:59:13	2021-01-13 07:36:57
L2100	50	00001		2070			PRSABS0063	A205LC		234.00	234.00								사랑해요 LG			3	TBD	1.000	KG		KRW				234.00	FALSE	280.20	234.00		P0000099	S000000099										2021-01-11 19:29:17	2021-01-13 16:36:57	anonymous	anonymous	2021-01-11 09:59:13	2021-01-13 07:36:57
L2100	85	00001		30H0			TCRMIL0107	MILLBASE,BLACK BK-4926 15KG TOKUSHIKI BC		789.00	789.00								정확한 정보			3	TBD	1.000	KG		JPY				789.00	FALSE	946.20	789.00		P0000169	S000000169										2021-01-11 19:29:17	2021-01-13 16:36:57	anonymous	anonymous	2021-01-11 09:59:13	2021-01-13 07:36:57
L2100	143	00001		7110			LCPL00006CMPN	이브아르 볼륨 플러스 밀대		678.00	678.00								사랑해요 LG			3	TBD	1.000	EA		KRW				678.00	FALSE	813.20	678.00		P0000285	S000000285										2021-01-11 19:29:17	2021-01-13 16:36:57	anonymous	anonymous	2021-01-11 09:59:13	2021-01-13 07:36:57
L2100	21	00002		2070			PCNCLA0134	안료 RD37 *PAPILION RED P-M2*10kg		333.00	333.00								성공!!			3	TBD	1.000	KG		KRW				333.00	FALSE	399.20	333.00		P0000042	S000000042										2021-01-11 19:29:17	2021-01-13 16:36:57	anonymous	anonymous	2021-01-11 09:59:13	2021-01-13 07:36:57
L2100	172	00002		7110			LPLB00368C	LABEL 이브아르컨투어플러스 도미니카		666.00	666.00								슬기로운 정보			3	TBD	1.000	EA		KRW				666.00	FALSE	799.20	666.00		P0000344	S000000344										2021-01-11 19:29:17	2021-01-13 16:36:57	anonymous	anonymous	2021-01-11 09:59:13	2021-01-13 07:36:57
L2100	50	00002		2070			PRSEXB0001	CXB-3000H		345.00	345.00								구매공상평			3	TBD	1.000	KG		USD				345.00	FALSE	414.20	345.00		P0000100	S000000100										2021-01-11 19:29:17	2021-01-13 16:36:57	anonymous	anonymous	2021-01-11 09:59:13	2021-01-13 07:36:57
L2100	85	00002		30H0			TCRMIL0110	MILLBASE,BLACK BK-5026 15KG TOKUSHIKI		111.00	111.00								슬기로운 정보			3	TBD	1.000	KG		JPY				111.00	FALSE	133.20	111.00		P0000170	S000000170										2021-01-11 19:29:17	2021-01-13 16:36:57	anonymous	anonymous	2021-01-11 09:59:13	2021-01-13 07:36:57
L2100	143	00002		7110			LCPL00007CMPN	이브아르 컨투어 플러스 밀대		789.00	789.00								구매공상평			3	TBD	1.000	EA		KRW				789.00	FALSE	946.20	789.00		P0000286	S000000286										2021-01-11 19:29:17	2021-01-13 16:36:57	anonymous	anonymous	2021-01-11 09:59:13	2021-01-13 07:36:57
L2100	100	00002		30I0			TOEMMT0100	OLED, G-609 99.5%		555.00	555.00								슬기로운 정보			3	TBD	1.000	KG		USD				555.00	FALSE	666.20	555.00		P0000200	S000000200										2021-01-11 19:29:17	2021-01-13 16:36:57	anonymous	anonymous	2021-01-11 09:59:13	2021-01-13 07:36:57
L2100	22	00001		2070			PCNCLA0135	안료 RD36 *PAPILION RED P-Y9*10kg		444.00	444.00								정확한 정보			3	TBD	1.000	KG		KRW				444.00	FALSE	532.20	444.00		P0000043	S000000043										2021-01-11 19:29:17	2021-01-13 16:36:57	anonymous	anonymous	2021-01-11 09:59:13	2021-01-13 07:36:57
L2100	51	00001		2070			PRSEXB0003	EPOXY (FPEP_1350E)		456.00	456.00								구매싱글폼			3	TBD	1.000	KG		USD				456.00	FALSE	547.20	456.00		P0000101	S000000101										2021-01-11 19:29:17	2021-01-13 16:36:57	anonymous	anonymous	2021-01-11 09:59:13	2021-01-13 07:36:57
L2100	173	00001		7110			LPLB00369C	LABEL 이브아르볼륨플러스 태국 보안 라벨		123.00	123.00								사랑해요 LG			3	TBD	1.000	EA		KRW				123.00	FALSE	147.20	123.00		P0000345	S000000345										2021-01-11 19:29:17	2021-01-13 16:36:57	anonymous	anonymous	2021-01-11 09:59:13	2021-01-13 07:36:57
L2100	86	00001		30H0			TCRMIL0135	MILLBASE,BLACK SML-32 18KG SANYO COLOR W		222.00	222.00								사랑해요 LG			3	TBD	1.000	KG		JPY				222.00	FALSE	266.20	222.00		P0000171	S000000171										2021-01-11 19:29:17	2021-01-13 16:36:57	anonymous	anonymous	2021-01-11 09:59:13	2021-01-13 07:36:57
L2100	144	00001		7110			LCPS00004CMPN	5mL 프리필드시린지(COC) X-ray멸균, 자가		111.00	111.00								구매싱글폼			3	TBD	1.000	SYR		KRW				111.00	FALSE	133.20	111.00		P0000287	S000000287										2021-01-11 19:29:17	2021-01-13 16:36:57	anonymous	anonymous	2021-01-11 09:59:13	2021-01-13 07:36:57
L2100	22	00002		2070			PCNCLA0147	안료 YW28*IRGAZIN YELLOW K2060 SQ *20kg		555.00	555.00								슬기로운 정보			3	TBD	1.000	KG		KRW				555.00	FALSE	666.20	555.00		P0000044	S000000044										2021-01-11 19:29:17	2021-01-13 16:36:57	anonymous	anonymous	2021-01-11 09:59:13	2021-01-13 07:36:57
L2100	173	00002		7110			LTCL00001C	Ascentis# Express OH5 Column		234.00	234.00								구매공상평			3	TBD	1.000	EA		KRW				234.00	FALSE	280.20	234.00		P0000346	S000000346										2021-01-11 19:29:17	2021-01-13 16:36:57	anonymous	anonymous	2021-01-11 09:59:13	2021-01-13 07:36:57
L2100	51	00002		2070			PRSEXB0004	EPOXY (FPEC_1460C)		567.00	567.00								성공!!			3	TBD	1.000	KG		USD				567.00	FALSE	680.20	567.00		P0000102	S000000102										2021-01-11 19:29:17	2021-01-13 16:36:57	anonymous	anonymous	2021-01-11 09:59:13	2021-01-13 07:36:57
L2100	86	00002		30H0			TCRMIL0136	MILLBASE,BLACK SML-40 18KG SKC HAAS		333.00	333.00								구매공상평			3	TBD	1.000	KG		JPY				333.00	FALSE	399.20	333.00		P0000172	S000000172										2021-01-11 19:29:17	2021-01-13 16:36:57	anonymous	anonymous	2021-01-11 09:59:13	2021-01-13 07:36:57
L2100	101	00001		30I0			TOEMMT0102	OLED,분말 2-FDT 99.5%		666.00	666.00								사랑해요 LG			3	TBD	1.000	KG		KRW				666.00	FALSE	799.20	666.00		P0000201	S000000201										2021-01-11 19:29:17	2021-01-13 16:36:57	anonymous	anonymous	2021-01-11 09:59:13	2021-01-13 07:36:57
L2100	144	00002		7110			LCSP00001CMPN	용기고무전 137.2㎜ 자가 HA원액용기		222.00	222.00								성공!!			3	TBD	1.000	EA		KRW				222.00	FALSE	266.20	222.00		P0000288	S000000288										2021-01-11 19:29:17	2021-01-13 16:36:57	anonymous	anonymous	2021-01-11 09:59:13	2021-01-13 07:36:57
L2100	23	00001		2070			PCNCLA0150	안료 BR03 *COLORTHERM RED 120M *25KG		666.00	666.00								사랑해요 LG			3	TBD	1.000	KG		KRW				666.00	FALSE	799.20	666.00		P0000045	S000000045										2021-01-11 19:29:17	2021-01-13 16:36:57	anonymous	anonymous	2021-01-11 09:59:13	2021-01-13 07:36:57
L2100	52	00001		2070			PRSPMM0001	PMMA RESIN IF850		678.00	678.00								정확한 정보			3	TBD	1.000	KG		KRW				678.00	FALSE	813.20	678.00		P0000103	S000000103										2021-01-11 19:29:17	2021-01-13 16:36:57	anonymous	anonymous	2021-01-11 09:59:13	2021-01-13 07:36:57
L2100	174	00001		7110			LTRG00064C	Casein from bovine milk, C5890-1kg,sigma		345.00	345.00								구매싱글폼			3	TBD	5.000	BT		KRW				345.00	FALSE	414.20	345.00		P0000347	S000000347										2021-01-11 19:29:17	2021-01-13 16:36:57	anonymous	anonymous	2021-01-11 09:59:13	2021-01-13 07:36:57
L2100	87	00001		30H0			TINPHO0003	광개시제,IRGACURE-369 DS Chem 다원화		444.00	444.00								구매싱글폼			3	TBD	1.000	KG		USD				444.00	FALSE	532.20	444.00		P0000173	S000000173										2021-01-11 19:29:17	2021-01-13 16:36:57	anonymous	anonymous	2021-01-11 09:59:13	2021-01-13 07:36:57
L2100	145	00001		7110			LFFC00002CMPN	PALL UF membrane 50KD 2.5m² OS050T26		333.00	333.00								정확한 정보			3	TBD	1.000	EA		KRW				333.00	FALSE	399.20	333.00		P0000289	S000000289										2021-01-11 19:29:17	2021-01-13 16:36:57	anonymous	anonymous	2021-01-11 09:59:13	2021-01-13 07:36:57
L2100	23	00002		2070			PCNDYE0001	안료 YW10 * YELLOW GG *10kg		123.00	123.00								구매공상평			3	TBD	1.000	KG		KRW				123.00	FALSE	147.20	123.00		P0000046	S000000046										2021-01-11 19:29:17	2021-01-13 16:36:57	anonymous	anonymous	2021-01-11 09:59:13	2021-01-13 07:36:57
L2100	52	00002		2070			PRSPMM0002	IH-830 *PMMA RESIN		789.00	789.00								슬기로운 정보			3	TBD	1.000	KG		KRW				789.00	FALSE	946.20	789.00		P0000104	S000000104										2021-01-11 19:29:17	2021-01-13 16:36:57	anonymous	anonymous	2021-01-11 09:59:13	2021-01-13 07:36:57
L2100	174	00002		7110			LTRG00067C	2-Propanol, 대정, 1L, 5035-4400 용매		456.00	456.00								성공!!			3	TBD	5.000	BT		KRW				456.00	FALSE	547.20	456.00		P0000348	S000000348										2021-01-11 19:29:17	2021-01-13 16:36:57	anonymous	anonymous	2021-01-11 09:59:13	2021-01-13 07:36:57
L2100	101	00002		30I0			TOEMMT0104	OLED,분말 T-807 99%		123.00	123.00								구매공상평			3	TBD	1.000	KG		KRW				123.00	FALSE	147.20	123.00		P0000202	S000000202										2021-01-11 19:29:17	2021-01-13 16:36:57	anonymous	anonymous	2021-01-11 09:59:13	2021-01-13 07:36:57
L2100	87	00002		30H0			TINPHO0008	광개시제,IRGACURE OXE02 한국바스프		555.00	555.00								성공!!			3	TBD	1.000	KG		USD				555.00	FALSE	666.20	555.00		P0000174	S000000174										2021-01-11 19:29:17	2021-01-13 16:36:57	anonymous	anonymous	2021-01-11 09:59:13	2021-01-13 07:36:57
L2100	145	00002		7110			LFFC00013CMPN	PEL2B10KV 0.5㎡ 10K P2B010V05		444.00	444.00								슬기로운 정보			3	TBD	1.000	EA		KRW				444.00	FALSE	532.20	444.00		P0000290	S000000290										2021-01-11 19:29:17	2021-01-13 16:36:57	anonymous	anonymous	2021-01-11 09:59:13	2021-01-13 07:36:57
L2100	24	00001		2070			PCNDYE0002	안료 RP05 *Solvent RP-05 *20kg		234.00	234.00								구매싱글폼			3	TBD	1.000	KG		KRW				234.00	FALSE	280.20	234.00		P0000047	S000000047										2021-01-11 19:29:17	2021-01-13 16:36:57	anonymous	anonymous	2021-01-11 09:59:13	2021-01-13 07:36:57
L2100	53	00001		2070			PRSPMM0003	FPPM (HP-202)		111.00	111.00								사랑해요 LG			3	TBD	1.000	KG		KRW				111.00	FALSE	133.20	111.00		P0000105	S000000105										2021-01-11 19:29:17	2021-01-13 16:36:57	anonymous	anonymous	2021-01-11 09:59:13	2021-01-13 07:36:57
L2100	175	00001		7110			LTRG00070C	Poloxamer 188 solution (10%),P5556,100mL		567.00	567.00								정확한 정보			3	TBD	5.000	BT		KRW				567.00	FALSE	680.20	567.00		P0000349	S000000349										2021-01-11 19:29:17	2021-01-13 16:36:57	anonymous	anonymous	2021-01-11 09:59:13	2021-01-13 07:36:57
L2100	88	00001		30H0			TINPHO0018	광개시제,PI102 알파켐		666.00	666.00								정확한 정보			3	TBD	1.000	KG		KRW				666.00	FALSE	799.20	666.00		P0000175	S000000175										2021-01-11 19:29:17	2021-01-13 16:36:57	anonymous	anonymous	2021-01-11 09:59:13	2021-01-13 07:36:57
L2100	146	00001		7110			LFFC00017CMPN	Centrasette T-series 0.5㎡ 10K OS010T06		555.00	555.00								사랑해요 LG			3	TBD	1.000	EA		KRW				555.00	FALSE	666.20	555.00		P0000291	S000000291										2021-01-11 19:29:17	2021-01-13 16:36:57	anonymous	anonymous	2021-01-11 09:59:13	2021-01-13 07:36:57
L2100	24	00002		2070			PCNDYE0004	안료 RD23 *MAC ROT EG *20/25kg		345.00	345.00								성공!!			3	TBD	1.000	KG		USD				345.00	FALSE	414.20	345.00		P0000048	S000000048										2021-01-11 19:29:17	2021-01-13 16:36:57	anonymous	anonymous	2021-01-11 09:59:13	2021-01-13 07:36:57
L2100	102	00001		30I0			TOEMMT0108	OLED,분말 H-092 99%		234.00	234.00								구매싱글폼			3	TBD	1.000	KG		KRW				234.00	FALSE	280.20	234.00		P0000203	S000000203										2021-01-11 19:29:17	2021-01-13 16:36:57	anonymous	anonymous	2021-01-11 09:59:13	2021-01-13 07:36:57
L2100	53	00002		2070			PRSPMM0009	LLPM *BA-611 *PMMA RESIN		222.00	222.00								구매공상평			3	TBD	1.000	KG		KRW				222.00	FALSE	266.20	222.00		P0000106	S000000106										2021-01-11 19:29:17	2021-01-13 16:36:57	anonymous	anonymous	2021-01-11 09:59:13	2021-01-13 07:36:57
L2100	175	00002		7110			LTRG00132C	16% Tris-glycine minigel, XP00165BOX		678.00	678.00								슬기로운 정보			3	TBD	1.000	BOX		KRW				678.00	FALSE	813.20	678.00		P0000350	S000000350										2021-01-11 19:29:17	2021-01-13 16:36:57	anonymous	anonymous	2021-01-11 09:59:13	2021-01-13 07:36:57
L2100	88	00002		30H0			TINPHO0022	광개시제,PBG-305 TRONLY 제니켐상사		123.00	123.00								슬기로운 정보			3	TBD	1.000	KG		USD				123.00	FALSE	147.20	123.00		P0000176	S000000176										2021-01-11 19:29:17	2021-01-13 16:36:57	anonymous	anonymous	2021-01-11 09:59:13	2021-01-13 07:36:57
L2100	146	00002		7110			LFFC00030CMPN	Glass Beads 0.50~0.71mm		666.00	666.00								구매공상평			3	TBD	1.000	KG		KRW				666.00	FALSE	799.20	666.00		P0000292	S000000292										2021-01-11 19:29:17	2021-01-13 16:36:57	anonymous	anonymous	2021-01-11 09:59:13	2021-01-13 07:36:57
L2100	25	00001		2070			PCNDYE0005	안료 RD08 *Sumiplast Red HF4G *5kg		456.00	456.00								정확한 정보			3	TBD	1.000	KG		USD				456.00	FALSE	547.20	456.00		P0000049	S000000049										2021-01-11 19:29:17	2021-01-13 16:36:57	anonymous	anonymous	2021-01-11 09:59:13	2021-01-13 07:36:57
L2100	176	00001		7110			LTRG00133C	0.1N NaOH Solution 용매		789.00	789.00								사랑해요 LG			3	TBD	1000.000	ML		KRW				789.00	FALSE	946.20	789.00		P0000351	S000000351										2021-01-11 19:29:17	2021-01-13 16:36:57	anonymous	anonymous	2021-01-11 09:59:13	2021-01-13 07:36:57
L2100	54	00001		2070			PRSSAN0001	MSNB (PMI-PS-MAH)		333.00	333.00								구매싱글폼			3	TBD	1.000	KG		JPY				333.00	FALSE	399.20	333.00		P0000107	S000000107										2021-01-11 19:29:17	2021-01-13 16:36:57	anonymous	anonymous	2021-01-11 09:59:13	2021-01-13 07:36:57
L2100	89	00001		30H0			TINPHO0026	광개시제,PBG-3057 TRONLY 제니켐상사		234.00	234.00								사랑해요 LG			3	TBD	1.000	KG		USD				234.00	FALSE	280.20	234.00		P0000177	S000000177										2021-01-11 19:29:17	2021-01-13 16:36:57	anonymous	anonymous	2021-01-11 09:59:13	2021-01-13 07:36:57
L2100	102	00002		30I0			TOEMMT0109	OLED, PH-911 99%		345.00	345.00								성공!!			3	TBD	1.000	KG		KRW				345.00	FALSE	414.20	345.00		P0000204	S000000204										2021-01-11 19:29:17	2021-01-13 16:36:57	anonymous	anonymous	2021-01-11 09:59:13	2021-01-13 07:36:57
L2100	147	00001		7110			LFFC00031C	Sartofluor MidiCaps Filter		123.00	123.00								구매싱글폼			3	TBD	1.000	EA		KRW				123.00	FALSE	147.20	123.00		P0000293	S000000293										2021-01-11 19:29:17	2021-01-13 16:36:57	anonymous	anonymous	2021-01-11 09:59:13	2021-01-13 07:36:57
L2100	25	00002		2070			PCNDYE0006	안료 RD04 *MAC ROT E2G *25kg		567.00	567.00								슬기로운 정보			3	TBD	1.000	KG		USD				567.00	FALSE	680.20	567.00		P0000050	S000000050										2021-01-11 19:29:17	2021-01-13 16:36:57	anonymous	anonymous	2021-01-11 09:59:13	2021-01-13 07:36:57
L2100	176	00002		7110			LTRG00134C	Titan Yellow 덕산 25g 8625-4425 분말		111.00	111.00								구매공상평			3	TBD	5.000	BT		KRW				111.00	FALSE	133.20	111.00		P0000352	S000000352										2021-01-11 19:29:17	2021-01-13 16:36:57	anonymous	anonymous	2021-01-11 09:59:13	2021-01-13 07:36:57
L2100	89	00002		30H0			TINPHO0027	광개시제,I-OXE-03 한국바스프		345.00	345.00								구매공상평			3	TBD	1.000	KG		USD				345.00	FALSE	414.20	345.00		P0000178	S000000178										2021-01-11 19:29:17	2021-01-13 16:36:57	anonymous	anonymous	2021-01-11 09:59:13	2021-01-13 07:36:57
L2100	147	00002		7110			LFRS00002CMPN	Sephacryl S-500 자가 17-0613		234.00	234.00								성공!!			3	TBD	1.000	L		KRW				234.00	FALSE	280.20	234.00		P0000294	S000000294										2021-01-11 19:29:17	2021-01-13 16:36:57	anonymous	anonymous	2021-01-11 09:59:13	2021-01-13 07:36:57
L2100	26	00001		2070			PCNDYE0007	안료 RD03 *Solvent RD-03 *10/25kg		678.00	678.00								사랑해요 LG			3	TBD	1.000	KG		KRW				678.00	FALSE	813.20	678.00		P0000051	S000000051										2021-01-11 19:29:17	2021-01-13 16:36:57	anonymous	anonymous	2021-01-11 09:59:13	2021-01-13 07:36:57
L2100	54	00002		2070			PRSSAN0001	MSNB (PMI-PS-MAH)		444.00	444.00								성공!!			3	TBD	1.000	KG		USD				444.00	FALSE	532.20	444.00		P0000108	S000000108										2021-01-11 19:29:17	2021-01-13 16:36:57	anonymous	anonymous	2021-01-11 09:59:13	2021-01-13 07:36:57
L2100	177	00001		7110			LTRG00135C	KTA2 Kinetic Turbidimetric LAL 분말		222.00	222.00								구매싱글폼			3	TBD	5.000	BT		KRW				222.00	FALSE	266.20	222.00		P0000353	S000000353										2021-01-11 19:29:17	2021-01-13 16:36:57	anonymous	anonymous	2021-01-11 09:59:13	2021-01-13 07:36:57
L2100	103	00001		30I0			TOEMMT0111	OLED,분말 TPBO 99%		456.00	456.00								정확한 정보			3	TBD	1.000	KG		KRW				456.00	FALSE	547.20	456.00		P0000205	S000000205										2021-01-11 19:29:17	2021-01-13 16:36:57	anonymous	anonymous	2021-01-11 09:59:13	2021-01-13 07:36:57
L2100	90	00001		30H0			TINPHO0028	광개시제,PBG-3053 TRONLY 제니켐상사		456.00	456.00								구매싱글폼			3	TBD	1.000	KG		USD				456.00	FALSE	547.20	456.00		P0000179	S000000179										2021-01-11 19:29:17	2021-01-13 16:36:57	anonymous	anonymous	2021-01-11 09:59:13	2021-01-13 07:36:57
L2100	148	00001		7110			LFRS00003CMPN	CM Sepharose fast flow 자가 17-0719　		345.00	345.00								정확한 정보			3	TBD	1.000	L		KRW				345.00	FALSE	414.20	345.00		P0000295	S000000295										2021-01-11 19:29:17	2021-01-13 16:36:57	anonymous	anonymous	2021-01-11 09:59:13	2021-01-13 07:36:57
L2100	26	00002		2070			PCNDYE0008	안료 OG20 *MAC Orange R *25kg		789.00	789.00								구매공상평			3	TBD	1.000	KG		KRW				789.00	FALSE	946.20	789.00		P0000052	S000000052										2021-01-11 19:29:17	2021-01-13 16:36:57	anonymous	anonymous	2021-01-11 09:59:13	2021-01-13 07:36:57
L2100	177	00002		7110			LTRG00136C	Sodium chloride peptone broth		333.00	333.00								성공!!			3	TBD	5.000	BT		KRW				333.00	FALSE	399.20	333.00		P0000354	S000000354										2021-01-11 19:29:17	2021-01-13 16:36:57	anonymous	anonymous	2021-01-11 09:59:13	2021-01-13 07:36:57
L2100	90	00002		30H0			TINPHO0031	광개시제,IRGACURE I-250 신영라드켐		567.00	567.00								성공!!			3	TBD	1.000	KG		USD				567.00	FALSE	680.20	567.00		P0000180	S000000180										2021-01-11 19:29:17	2021-01-13 16:36:57	anonymous	anonymous	2021-01-11 09:59:13	2021-01-13 07:36:57
L2100	55	00001		2070			PRSSAN0008	EMI-200, S101N, Flow modifier		555.00	555.00								정확한 정보			3	TBD	1.000	KG		USD				555.00	FALSE	666.20	555.00		P0000109	S000000109										2021-01-11 19:29:17	2021-01-13 16:36:57	anonymous	anonymous	2021-01-11 09:59:13	2021-01-13 07:36:57
L2100	148	00002		7110			LFRS00004CMPN	Sepharose CL-4B 자가 17-0150-05		456.00	456.00								슬기로운 정보			3	TBD	1.000	L		KRW				456.00	FALSE	547.20	456.00		P0000296	S000000296										2021-01-11 19:29:17	2021-01-13 16:36:57	anonymous	anonymous	2021-01-11 09:59:13	2021-01-13 07:36:57
L2100	27	00001		2070			PCNDYE0008	안료 OG20 *MAC Orange R *25kg		111.00	111.00								구매싱글폼			3	TBD	1.000	KG		USD				111.00	FALSE	133.20	111.00		P0000053	S000000053										2021-01-11 19:29:17	2021-01-13 16:36:57	anonymous	anonymous	2021-01-11 09:59:13	2021-01-13 07:36:57
L2100	103	00002		30I0			TOEMMT0112	OLED,분말 PH-219 99.5%		567.00	567.00								슬기로운 정보			3	TBD	1.000	KG		KRW				567.00	FALSE	680.20	567.00		P0000206	S000000206										2021-01-11 19:29:17	2021-01-13 16:36:57	anonymous	anonymous	2021-01-11 09:59:13	2021-01-13 07:36:57
L2100	178	00001		7110			LTRG00137C	Copper(II) Sulfate.5수.100g,209198		444.00	444.00								정확한 정보			3	TBD	5.000	BT		KRW				444.00	FALSE	532.20	444.00		P0000355	S000000355										2021-01-11 19:29:17	2021-01-13 16:36:57	anonymous	anonymous	2021-01-11 09:59:13	2021-01-13 07:36:57
L2100	91	00001		30H0			TINPHO0034	광개시제,ITX IHT 신영라드켐		678.00	678.00								정확한 정보			3	TBD	1.000	KG		USD				678.00	FALSE	813.20	678.00		P0000181	S000000181										2021-01-11 19:29:17	2021-01-13 16:36:57	anonymous	anonymous	2021-01-11 09:59:13	2021-01-13 07:36:57
L2100	149	00001		7110			LFRS00007CMPN	Sephacryl S-200 자가 17-0584-05		567.00	567.00								사랑해요 LG			3	TBD	1.000	L		KRW				567.00	FALSE	680.20	567.00		P0000297	S000000297										2021-01-11 19:29:17	2021-01-13 16:36:57	anonymous	anonymous	2021-01-11 09:59:13	2021-01-13 07:36:57
L2100	27	00002		2070			PCNDYE0009	안료 OG08 *Solvent OG08 *20kg		222.00	222.00								성공!!			3	TBD	1.000	KG		KRW				222.00	FALSE	266.20	222.00		P0000054	S000000054										2021-01-11 19:29:17	2021-01-13 16:36:57	anonymous	anonymous	2021-01-11 09:59:13	2021-01-13 07:36:57
L2100	178	00002		7110			LTRG00138C	DPBS,calcium,magnesium,Gibco,100mL 용매		555.00	555.00								슬기로운 정보			3	TBD	5.000	BT		KRW				555.00	FALSE	666.20	555.00		P0000356	S000000356										2021-01-11 19:29:17	2021-01-13 16:36:57	anonymous	anonymous	2021-01-11 09:59:13	2021-01-13 07:36:57
L2100	55	00002		2070			PRSSAN0015	MSNI (PMI-PS-MAH)		666.00	666.00								슬기로운 정보			3	TBD	1.000	KG		USD				666.00	FALSE	799.20	666.00		P0000110	S000000110										2021-01-11 19:29:17	2021-01-13 16:36:57	anonymous	anonymous	2021-01-11 09:59:13	2021-01-13 07:36:57
L2100	91	00002		30H0			TINTHM0001	열개시제,V-65 WAKO 원일상사		789.00	789.00								슬기로운 정보			3	TBD	1.000	KG		KRW				789.00	FALSE	946.20	789.00		P0000182	S000000182										2021-01-11 19:29:17	2021-01-13 16:36:57	anonymous	anonymous	2021-01-11 09:59:13	2021-01-13 07:36:57
L2100	104	00001		30I0			TOEMMT0113	OLED,분말 G-219		678.00	678.00								사랑해요 LG			3	TBD	1.000	KG		KRW				678.00	FALSE	813.20	678.00		P0000207	S000000207										2021-01-11 19:29:17	2021-01-13 16:36:57	anonymous	anonymous	2021-01-11 09:59:13	2021-01-13 07:36:57
L2100	149	00002		7110			LFRS00008CMPN	DEAE-SepharoseFastFlow 자가 17-0709		678.00	678.00								구매공상평			3	TBD	1.000	L		KRW				678.00	FALSE	813.20	678.00		P0000298	S000000298										2021-01-11 19:29:17	2021-01-13 16:36:57	anonymous	anonymous	2021-01-11 09:59:13	2021-01-13 07:36:57
L2100	28	00001		2070			PCNDYE0010	안료 GR31 *Sumiplast Green G(E) *10kg		333.00	333.00								정확한 정보			3	TBD	1.000	KG		USD				333.00	FALSE	399.20	333.00		P0000055	S000000055										2021-01-11 19:29:17	2021-01-13 16:36:57	anonymous	anonymous	2021-01-11 09:59:13	2021-01-13 07:36:57
L2100	179	00001		7110			LTST00003C	Urea Related Compound A,1706712,15 mg		666.00	666.00								사랑해요 LG			3	TBD	1.000	EA		KRW				666.00	FALSE	799.20	666.00		P0000357	S000000357										2021-01-11 19:29:17	2021-01-13 16:36:57	anonymous	anonymous	2021-01-11 09:59:13	2021-01-13 07:36:57
L2100	92	00001		30H0			TRSOXE0001	OXETANE RESIN,액상 DOX(OXT221)		111.00	111.00								사랑해요 LG			3	TBD	1.000	KG		KRW				111.00	FALSE	133.20	111.00		P0000183	S000000183										2021-01-11 19:29:17	2021-01-13 16:36:57	anonymous	anonymous	2021-01-11 09:59:13	2021-01-13 07:36:57
L2100	56	00001		2070			PRSSAN0029	EMI-230B		123.00	123.00								사랑해요 LG			3	TBD	1.000	KG		USD				123.00	FALSE	147.20	123.00		P0000111	S000000111										2021-01-11 19:29:17	2021-01-13 16:36:57	anonymous	anonymous	2021-01-11 09:59:13	2021-01-13 07:36:57
L2100	28	00002		2070			PCNDYE0011	안료 BL12 *CERES BLAU 3R *15kg		444.00	444.00								슬기로운 정보			3	TBD	1.000	KG		USD				444.00	FALSE	532.20	444.00		P0000056	S000000056										2021-01-11 19:29:17	2021-01-13 16:36:57	anonymous	anonymous	2021-01-11 09:59:13	2021-01-13 07:36:57
L2100	150	00001		7110			LFRS00011CMPN	Phenyl Sepharose 6 Fast Flow 1L 17-0973		789.00	789.00								구매싱글폼			3	TBD	1.000	L		KRW				789.00	FALSE	946.20	789.00		P0000299	S000000299										2021-01-11 19:29:17	2021-01-13 16:36:57	anonymous	anonymous	2021-01-11 09:59:13	2021-01-13 07:36:57
L2100	179	00002		7110			LTST00108C	Sodium alginate		123.00	123.00								구매공상평			3	TBD	5.000	BT		KRW				123.00	FALSE	147.20	123.00		P0000358	S000000358										2021-01-11 19:29:17	2021-01-13 16:36:57	anonymous	anonymous	2021-01-11 09:59:13	2021-01-13 07:36:57
L2100	104	00002		30I0			TOEMMT0114	OLED,분말 G-147 99.85%		789.00	789.00								구매공상평			3	TBD	1.000	KG		USD				789.00	FALSE	946.20	789.00		P0000208	S000000208										2021-01-11 19:29:17	2021-01-13 16:36:57	anonymous	anonymous	2021-01-11 09:59:13	2021-01-13 07:36:57
L2100	29	00001		2070			PCNDYE0013	안료 BL05 *Blue K*5kg		555.00	555.00								사랑해요 LG			3	TBD	1.000	KG		JPY				555.00	FALSE	666.20	555.00		P0000057	S000000057										2021-01-11 19:29:17	2021-01-13 16:36:57	anonymous	anonymous	2021-01-11 09:59:13	2021-01-13 07:36:57
L2100	150	00002		7110			LFRS00015CMPN	Blue separose 6 Fast Flow 17-0948		111.00	111.00								성공!!			3	TBD	1.000	L		KRW				111.00	FALSE	133.20	111.00		P0000300	S000000300										2021-01-11 19:29:17	2021-01-13 16:36:57	anonymous	anonymous	2021-01-11 09:59:13	2021-01-13 07:36:57
L2100	56	00002		2070			PRSSAN0039	S601		234.00	234.00								구매공상평			3	TBD	1.000	KG		KRW				234.00	FALSE	280.20	234.00		P0000112	S000000112										2021-01-11 19:29:17	2021-01-13 16:36:57	anonymous	anonymous	2021-01-11 09:59:13	2021-01-13 07:36:57
L2100	180	00001		7110			LTST00109C	Standards for Osmometers,Gonotec,500mOsm		234.00	234.00								구매싱글폼			3	TBD	16.000	PAC		KRW				234.00	FALSE	280.20	234.00		P0000359	S000000359										2021-01-11 19:29:17	2021-01-13 16:36:57	anonymous	anonymous	2021-01-11 09:59:13	2021-01-13 07:36:57
L2100	29	00002		2070			PCNDYE0014	안료 BK35 *Sumiplast Black G-2*5kg		666.00	666.00								구매공상평			3	TBD	1.000	KG		USD				666.00	FALSE	799.20	666.00		P0000058	S000000058										2021-01-11 19:29:17	2021-01-13 16:36:57	anonymous	anonymous	2021-01-11 09:59:13	2021-01-13 07:36:57
L2100	151	00001		7110			LNND00001CMPN	주사침 23G 1 inch Inmetro		222.00	222.00								정확한 정보			3	TBD	1.000	EA		KRW				222.00	FALSE	266.20	222.00		P0000301	S000000301										2021-01-11 19:29:17	2021-01-13 16:36:57	anonymous	anonymous	2021-01-11 09:59:13	2021-01-13 07:36:57
L2100	180	00002		7110			LTST00110C	Standards for Osmometers,Gonotec,100mOsm		345.00	345.00								구매싱글폼			3	TBD	16.000	PAC		KRW				345.00	FALSE	414.20	345.00		P0000360	S000000360										2021-01-11 19:29:17	2021-01-13 16:36:57	anonymous	anonymous	2021-01-11 09:59:13	2021-01-13 07:36:57
L2100	105	00001		30I0			TOEMMT0116	OLED,분말 X-083 99.5%		111.00	111.00								구매싱글폼			3	TBD	1.000	KG		KRW				111.00	FALSE	133.20	111.00		P0000209	S000000209										2021-01-11 19:29:17	2021-01-13 16:36:57	anonymous	anonymous	2021-01-11 09:59:13	2021-01-13 07:36:57
L2100	57	00001		2070			PSNOSU0011	MSF-40 *FS-440		345.00	345.00								구매싱글폼			3	TBD	1.000	KG		KRW				345.00	FALSE	414.20	345.00		P0000113	S000000113										2021-01-11 19:29:17	2021-01-13 16:36:57	anonymous	anonymous	2021-01-11 09:59:13	2021-01-13 07:36:57
L2100	57	00002		2070			PSNOSU0011	MSF-40 *FS-440		456.00	456.00								성공!!			3	TBD	1.000	KG		USD				456.00	FALSE	547.20	456.00		P0000114	S000000114										2021-01-11 19:29:17	2021-01-13 16:36:57	anonymous	anonymous	2021-01-11 09:59:13	2021-01-13 07:36:57
L2100	105	00002		30I0			TOEMMT0124	OLED,분말 L-323 99.5%		222.00	222.00								성공!!			3	TBD	1.000	KG		KRW				222.00	FALSE	266.20	222.00		P0000210	S000000210										2021-01-11 19:29:17	2021-01-13 16:36:57	anonymous	anonymous	2021-01-11 09:59:13	2021-01-13 07:36:57
L2100	58	00001		2070			PSNROS0001	R/SOAP (25%)		567.00	567.00								정확한 정보			3	TBD	1.000	KG		USD				567.00	FALSE	680.20	567.00		P0000115	S000000115										2021-01-11 19:29:17	2021-01-13 16:36:57	anonymous	anonymous	2021-01-11 09:59:13	2021-01-13 07:36:57
L2100	106	00001		30I0			TOEMMT0125	OLED,분말 M-376 99.5%		333.00	333.00								정확한 정보			3	TBD	1.000	KG		KRW				333.00	FALSE	399.20	333.00		P0000211	S000000211										2021-01-11 19:29:17	2021-01-13 16:36:57	anonymous	anonymous	2021-01-11 09:59:13	2021-01-13 07:36:57
L2100	30	00001		2070			PCNDYE0017	안료 BK32 *Black X70*25kg		123.00	123.00								구매싱글폼			3	TBD	1.000	KG		KRW				123.00	FALSE	147.20	123.00		P0000059	S000000059										2021-01-11 19:29:17	2021-01-13 16:36:57	anonymous	anonymous	2021-01-11 09:59:13	2021-01-13 07:36:57
L2100	58	00002		2070			PSNSAN0004	L-SANS 45%		678.00	678.00								슬기로운 정보			3	TBD	1.000	KG		KRW				678.00	FALSE	813.20	678.00		P0000116	S000000116										2021-01-11 19:29:17	2021-01-13 16:36:57	anonymous	anonymous	2021-01-11 09:59:13	2021-01-13 07:36:57
L2100	30	00002		2070			PCNDYE0022	안료 RP34 *Solvent RP-34*20kg		234.00	234.00								성공!!			3	TBD	1.000	KG		KRW				234.00	FALSE	280.20	234.00		P0000060	S000000060										2021-01-11 19:29:17	2021-01-13 16:36:57	anonymous	anonymous	2021-01-11 09:59:13	2021-01-13 07:36:57
L2100	106	00002		30I0			TOEMMT0126	OLED,분말 2-NBFBN 99%		444.00	444.00								슬기로운 정보			3	TBD	1.000	KG		KRW				444.00	FALSE	532.20	444.00		P0000212	S000000212										2021-01-11 19:29:17	2021-01-13 16:36:57	anonymous	anonymous	2021-01-11 09:59:13	2021-01-13 07:36:57
L2100	59	00001		2070			PSNSLS0001	SLS (E621N)		789.00	789.00								사랑해요 LG			3	TBD	1.000	KG		USD				789.00	FALSE	946.20	789.00		P0000117	S000000117										2021-01-11 19:29:17	2021-01-13 16:36:57	anonymous	anonymous	2021-01-11 09:59:13	2021-01-13 07:36:57
L2100	31	00001		2070			PCNDYE0029	안료 YW21 *PAPILION GOLD GREEN S-7K*15kg		345.00	345.00								정확한 정보			3	TBD	1.000	KG		KRW				345.00	FALSE	414.20	345.00		P0000061	S000000061										2021-01-11 19:29:17	2021-01-13 16:36:57	anonymous	anonymous	2021-01-11 09:59:13	2021-01-13 07:36:57
L2100	31	00002		2070			PCNDYE0030	안료 BK37 *BLACK S-GB4*15KG		456.00	456.00								슬기로운 정보			3	TBD	1.000	KG		KRW				456.00	FALSE	547.20	456.00		P0000062	S000000062										2021-01-11 19:29:17	2021-01-13 16:36:57	anonymous	anonymous	2021-01-11 09:59:13	2021-01-13 07:36:57
L2100	107	00001		30I0			TOEMMT0127	OLED,분말 2-CNPT 99%		555.00	555.00								사랑해요 LG			3	TBD	1.000	KG		KRW				555.00	FALSE	666.20	555.00		P0000213	S000000213										2021-01-11 19:29:17	2021-01-13 16:36:57	anonymous	anonymous	2021-01-11 09:59:13	2021-01-13 07:36:57
L2100	59	00002		2070			PSTCST0001	LPCA (Ca-st, SC-110, SC-130)		111.00	111.00								구매공상평			3	TBD	1.000	KG		USD				111.00	FALSE	133.20	111.00		P0000118	S000000118										2021-01-11 19:29:17	2021-01-13 16:36:57	anonymous	anonymous	2021-01-11 09:59:13	2021-01-13 07:36:57
L2100	32	00001		2070			PCNDYE0031	안료 BK38 *Sumiplast Black HLG*5kg		567.00	567.00								사랑해요 LG			3	TBD	1.000	KG		USD				567.00	FALSE	680.20	567.00		P0000063	S000000063										2021-01-11 19:29:17	2021-01-13 16:36:57	anonymous	anonymous	2021-01-11 09:59:13	2021-01-13 07:36:57
L2100	32	00002		2070			PCNDYE0035	안료 RD38 *Oracet Red454 *30kg		678.00	678.00								구매공상평			3	TBD	1.000	KG		KRW				678.00	FALSE	813.20	678.00		P0000064	S000000064										2021-01-11 19:29:17	2021-01-13 16:36:57	anonymous	anonymous	2021-01-11 09:59:13	2021-01-13 07:36:57
L2100	33	00001		2070			PCNDYE0036	안료 RD39 *PAPILION RED S-GF *10KG		789.00	789.00								구매싱글폼			3	TBD	1.000	KG		KRW				789.00	FALSE	946.20	789.00		P0000065	S000000065										2021-01-11 19:29:17	2021-01-13 16:36:57	anonymous	anonymous	2021-01-11 09:59:13	2021-01-13 07:36:57
L2100	107	00002		30I0			TOEMMT0128	OLED,분말 X-103 99.5%		666.00	666.00								구매공상평			3	TBD	1.000	KG		KRW				666.00	FALSE	799.20	666.00		P0000214	S000000214										2021-01-11 19:29:17	2021-01-13 16:36:57	anonymous	anonymous	2021-01-11 09:59:13	2021-01-13 07:36:57
L2100	60	00001		2070			PSTDMP0001	SPMA (TM-600P)		222.00	222.00								구매싱글폼			3	TBD	1.000	KG		KRW				222.00	FALSE	266.20	222.00		P0000119	S000000119										2021-01-11 19:29:17	2021-01-13 16:36:57	anonymous	anonymous	2021-01-11 09:59:13	2021-01-13 07:36:57
L2100	108	00001		30I0			TOEMMT0129	OLED,분말 T-103 99.5%		123.00	123.00								구매싱글폼			3	TBD	1.000	KG		KRW				123.00	FALSE	147.20	123.00		P0000215	S000000215										2021-01-11 19:29:17	2021-01-13 16:36:57	anonymous	anonymous	2021-01-11 09:59:13	2021-01-13 07:36:57
L2100	60	00002		2070			PSTETC0006	SPKS (TM-661P)		333.00	333.00								성공!!			3	TBD	1.000	KG		USD				333.00	FALSE	399.20	333.00		P0000120	S000000120										2021-01-11 19:29:17	2021-01-13 16:36:57	anonymous	anonymous	2021-01-11 09:59:13	2021-01-13 07:36:57
L2100	108	00002		30I0			TOEMMT0130	OLED,분말 HU-047 99.9%		234.00	234.00								성공!!			3	TBD	1.000	KG		USD				234.00	FALSE	280.20	234.00		P0000216	S000000216										2021-01-11 19:29:17	2021-01-13 16:36:57	anonymous	anonymous	2021-01-11 09:59:13	2021-01-13 07:36:57
L2100	61	00001		2070			PSTETC0054	UPSS (YK-770)		444.00	444.00								정확한 정보			3	TBD	1.000	KG		USD				444.00	FALSE	532.20	444.00		P0000121	S000000121										2021-01-11 19:29:17	2021-01-13 16:36:57	anonymous	anonymous	2021-01-11 09:59:13	2021-01-13 07:36:57
L2100	109	00001		7110			100115MPN	판토텐산칼슘 USP		345.00	345.00								정확한 정보			3	TBD	1000.000	G		KRW				345.00	FALSE	414.20	345.00		P0000217	S000000217										2021-01-11 19:29:17	2021-01-13 16:36:57	anonymous	anonymous	2021-01-11 09:59:13	2021-01-13 07:36:57
L2100	61	00002		2070			PSTETC0054	UV-770		555.00	555.00								슬기로운 정보			3	TBD	1.000	KG		USD				555.00	FALSE	666.20	555.00		P0000122	S000000122										2021-01-11 19:29:17	2021-01-13 16:36:57	anonymous	anonymous	2021-01-11 09:59:13	2021-01-13 07:36:57
L2100	62	00001		2070			PSTETC0055	SONGNOX 6260		666.00	666.00								사랑해요 LG			3	TBD	1.000	KG		USD				666.00	FALSE	799.20	666.00		P0000123	S000000123										2021-01-11 19:29:17	2021-01-13 16:36:57	anonymous	anonymous	2021-01-11 09:59:13	2021-01-13 07:36:57
L2100	109	00002		7110			100150MPN	포도당수화물(일수화물), USP		456.00	456.00								슬기로운 정보			3	TBD	1000.000	G		KRW				456.00	FALSE	547.20	456.00		P0000218	S000000218										2021-01-11 19:29:17	2021-01-13 16:36:57	anonymous	anonymous	2021-01-11 09:59:13	2021-01-13 07:36:57
L2100	62	00002		2070			PSTSPP0001	SPP		123.00	123.00								구매공상평			3	TBD	1.000	KG		USD				123.00	FALSE	147.20	123.00		P0000124	S000000124										2021-01-11 19:29:17	2021-01-13 16:36:57	anonymous	anonymous	2021-01-11 09:59:13	2021-01-13 07:36:57
L2100	110	00001		7110			100177MPN	염화메틸렌 자가		567.00	567.00								사랑해요 LG			3	TBD	1.000	L		KRW				567.00	FALSE	680.20	567.00		P0000219	S000000219										2021-01-11 19:29:17	2021-01-13 16:36:57	anonymous	anonymous	2021-01-11 09:59:13	2021-01-13 07:36:57
L2100	110	00002		7110			100211MPN	수산화나트륨 NF(Merck)		678.00	678.00								구매공상평			3	TBD	1000.000	G		KRW				678.00	FALSE	813.20	678.00		P0000220	S000000220										2021-01-11 19:29:17	2021-01-13 16:36:57	anonymous	anonymous	2021-01-11 09:59:13	2021-01-13 07:36:57
L2100	111	00001		7110			100248MPN	에탄올 KP		789.00	789.00								구매싱글폼			3	TBD	1.000	L		KRW				789.00	FALSE	946.20	789.00		P0000221	S000000221										2021-01-11 19:29:17	2021-01-13 16:36:57	anonymous	anonymous	2021-01-11 09:59:13	2021-01-13 07:36:57
L2100	111	00002		7110			100278MPN	2.25mL프리필드고무전 자가		111.00	111.00								성공!!			3	TBD	1.000	EA		KRW				111.00	FALSE	133.20	111.00		P0000222	S000000222										2021-01-11 19:29:17	2021-01-13 16:36:57	anonymous	anonymous	2021-01-11 09:59:13	2021-01-13 07:36:57
L2100	112	00001		7110			100288MPN	HA원액용기 자가		222.00	222.00								정확한 정보			3	TBD	1.000	EA		KRW				222.00	FALSE	266.20	222.00		P0000223	S000000223										2021-01-11 19:29:17	2021-01-13 16:36:57	anonymous	anonymous	2021-01-11 09:59:13	2021-01-13 07:36:57
L2100	112	00002		7110			100289MPN2	3mL바이알 USP		333.00	333.00								슬기로운 정보			3	TBD	1.000	EA		KRW				333.00	FALSE	399.20	333.00		P0000224	S000000224										2021-01-11 19:29:17	2021-01-13 16:36:57	anonymous	anonymous	2021-01-11 09:59:13	2021-01-13 07:36:57
L2100	113	00001		7110			100571MPN	트리글리세리드, EP		444.00	444.00								사랑해요 LG			3	TBD	1.000	KG		JPY				444.00	FALSE	532.20	444.00		P0000225	S000000225										2021-01-11 19:29:17	2021-01-13 16:36:57	anonymous	anonymous	2021-01-11 09:59:13	2021-01-13 07:36:57
L2100	113	00002		7110			100678MPN	FilterUnit 자가		555.00	555.00								구매공상평			3	TBD	1.000	EA		KRW				555.00	FALSE	666.20	555.00		P0000226	S000000226										2021-01-11 19:29:17	2021-01-13 16:36:57	anonymous	anonymous	2021-01-11 09:59:13	2021-01-13 07:36:57
L2100	114	00001		7110			100690MPN2	태반성성선자극호르몬(HCG) USP		666.00	666.00								구매싱글폼			3	TBD	1000.000	MG		USD				666.00	FALSE	799.20	666.00		P0000227	S000000227										2021-01-11 19:29:17	2021-01-13 16:36:57	anonymous	anonymous	2021-01-11 09:59:13	2021-01-13 07:36:57
L2100	114	00002		7110			100691MPN2	메노트로핀(HMG), BP		123.00	123.00								성공!!			3	TBD	1000.000	MG		USD				123.00	FALSE	147.20	123.00		P0000228	S000000228										2021-01-11 19:29:17	2021-01-13 16:36:57	anonymous	anonymous	2021-01-11 09:59:13	2021-01-13 07:36:57
L2100	115	00001		7110			102030MPN4	5mL 동결건조바이알 USP		234.00	234.00								정확한 정보			3	TBD	1.000	EA		KRW				234.00	FALSE	280.20	234.00		P0000229	S000000229										2021-01-11 19:29:17	2021-01-13 16:36:57	anonymous	anonymous	2021-01-11 09:59:13	2021-01-13 07:36:57
L2100	115	00002		7110			102293MPN2	QN09_N 자가		345.00	345.00								슬기로운 정보			3	TBD	1.000	KG		KRW				345.00	FALSE	414.20	345.00		P0000230	S000000230										2021-01-11 19:29:17	2021-01-13 16:36:57	anonymous	anonymous	2021-01-11 09:59:13	2021-01-13 07:36:57
L2100	116	00001		7110			102321MPN	파상풍 톡소이드 원액		456.00	456.00								사랑해요 LG			3	TBD	1000.000	G		USD				456.00	FALSE	547.20	456.00		P0000231	S000000231										2021-01-11 19:29:17	2021-01-13 16:36:57	anonymous	anonymous	2021-01-11 09:59:13	2021-01-13 07:36:57
L2100	116	00002		7110			103420MPN	AM19_N2 자가		567.00	567.00								구매공상평			3	TBD	1.000	KG		KRW				567.00	FALSE	680.20	567.00		P0000232	S000000232										2021-01-11 19:29:17	2021-01-13 16:36:57	anonymous	anonymous	2021-01-11 09:59:13	2021-01-13 07:36:57
L2100	117	00001		7110			104565MPN	메노트로핀에이치피 별규		678.00	678.00								구매싱글폼			3	TBD	1000.000	MG		USD				678.00	FALSE	813.20	678.00		P0000233	S000000233										2021-01-11 19:29:17	2021-01-13 16:36:57	anonymous	anonymous	2021-01-11 09:59:13	2021-01-13 07:36:57
L2100	117	00002		7110			105212MPN2	이브아르 1.0mL 수출 내부블리스터		789.00	789.00								성공!!			3	TBD	1.000	EA		KRW				789.00	FALSE	946.20	789.00		P0000234	S000000234										2021-01-11 19:29:17	2021-01-13 16:36:57	anonymous	anonymous	2021-01-11 09:59:13	2021-01-13 07:36:57
L2100	118	00001		7110			105906MPN	톨루엔, 별규		111.00	111.00								정확한 정보			3	TBD	1.000	L		KRW				111.00	FALSE	133.20	111.00		P0000235	S000000235										2021-01-11 19:29:17	2021-01-13 16:36:57	anonymous	anonymous	2021-01-11 09:59:13	2021-01-13 07:36:57
L2100	118	00002		7110			105909MPN	에탄올(99.5) 탱크로리		222.00	222.00								슬기로운 정보			3	TBD	1.000	L		KRW				222.00	FALSE	266.20	222.00		P0000236	S000000236										2021-01-11 19:29:17	2021-01-13 16:36:57	anonymous	anonymous	2021-01-11 09:59:13	2021-01-13 07:36:57
L2100	119	00001		7110			106159MPN	Durapore, Opticap XL4 (KVGLA04TT3)		333.00	333.00								사랑해요 LG			3	TBD	1.000	EA		KRW				333.00	FALSE	399.20	333.00		P0000237	S000000237										2021-01-11 19:29:17	2021-01-13 16:36:57	anonymous	anonymous	2021-01-11 09:59:13	2021-01-13 07:36:57
L2100	119	00002		7110			207986	IVF-M주 우즈베키스탄 설명서		444.00	444.00								구매공상평			3	TBD	1.000	EA		KRW				444.00	FALSE	532.20	444.00		P0000238	S000000238										2021-01-11 19:29:17	2021-01-13 16:36:57	anonymous	anonymous	2021-01-11 09:59:13	2021-01-13 07:36:57
L2100	120	00001		7110			207987	IVF-M주 75IU 우즈베키스탄 라벨		555.00	555.00								구매싱글폼			3	TBD	1.000	EA		KRW				555.00	FALSE	666.20	555.00		P0000239	S000000239										2021-01-11 19:29:17	2021-01-13 16:36:57	anonymous	anonymous	2021-01-11 09:59:13	2021-01-13 07:36:57
L2100	120	00002		7110			207988	IVF-M주 75IU 1V 우즈베키스탄 케이스		666.00	666.00								성공!!			3	TBD	1.000	EA		KRW				666.00	FALSE	799.20	666.00		P0000240	S000000240										2021-01-11 19:29:17	2021-01-13 16:36:57	anonymous	anonymous	2021-01-11 09:59:13	2021-01-13 07:36:57
L2100	121	00001		7110			207989	0.4% 식염주사액 우즈베키스탄라벨		123.00	123.00								정확한 정보			3	TBD	1.000	EA		KRW				123.00	FALSE	147.20	123.00		P0000241	S000000241										2021-01-11 19:29:17	2021-01-13 16:36:57	anonymous	anonymous	2021-01-11 09:59:13	2021-01-13 07:36:57
L2100	121	00002		7110			207990	IVF-M주 150IU 우즈베키스탄 라벨		234.00	234.00								슬기로운 정보			3	TBD	1.000	EA		KRW				234.00	FALSE	280.20	234.00		P0000242	S000000242										2021-01-11 19:29:17	2021-01-13 16:36:57	anonymous	anonymous	2021-01-11 09:59:13	2021-01-13 07:36:57